card1,card2,card3,suit_texture,rank_texture,high_card_class,gap_high_mid,gap_mid_low,has_straight_potential,weight
2s,2h,2d,rainbow,trips,low,0,0,true,4
3s,2s,2h,two_tone,paired,low,0,0,true,12
3s,2h,2d,rainbow,paired,low,0,0,true,12
3s,3h,2s,two_tone,paired,low,0,0,true,12
3s,3h,2d,rainbow,paired,low,0,0,true,12
3s,3h,3d,rainbow,trips,low,0,0,true,4
4s,2s,2h,two_tone,paired,low,1,0,true,12
4s,2h,2d,rainbow,paired,low,1,0,true,12
4s,3s,2s,monotone,unpaired,low,0,0,true,4
4s,3s,2h,two_tone,unpaired,low,0,0,true,12
4s,3s,3h,two_tone,paired,low,0,0,true,12
4s,3h,2s,two_tone,unpaired,low,0,0,true,12
4s,3h,2d,rainbow,unpaired,low,0,0,true,24
4s,3h,3d,rainbow,paired,low,0,0,true,12
4s,4h,2s,two_tone,paired,low,1,0,true,12
4s,4h,2d,rainbow,paired,low,1,0,true,12
4s,4h,3s,two_tone,paired,low,0,0,true,12
4s,4h,3d,rainbow,paired,low,0,0,true,12
4s,4h,4d,rainbow,trips,low,0,0,true,4
4h,3s,2s,two_tone,unpaired,low,0,0,true,12
5s,2s,2h,two_tone,paired,low,2,0,true,12
5s,2h,2d,rainbow,paired,low,2,0,true,12
5s,3s,2s,monotone,unpaired,low,1,0,true,4
5s,3s,2h,two_tone,unpaired,low,1,0,true,12
5s,3s,3h,two_tone,paired,low,1,0,true,12
5s,3h,2s,two_tone,unpaired,low,1,0,true,12
5s,3h,2d,rainbow,unpaired,low,1,0,true,24
5s,3h,3d,rainbow,paired,low,1,0,true,12
5s,4s,2s,monotone,unpaired,low,0,1,true,4
5s,4s,2h,two_tone,unpaired,low,0,1,true,12
5s,4s,3s,monotone,unpaired,low,0,0,true,4
5s,4s,3h,two_tone,unpaired,low,0,0,true,12
5s,4s,4h,two_tone,paired,low,0,0,true,12
5s,4h,2s,two_tone,unpaired,low,0,1,true,12
5s,4h,2d,rainbow,unpaired,low,0,1,true,24
5s,4h,3s,two_tone,unpaired,low,0,0,true,12
5s,4h,3d,rainbow,unpaired,low,0,0,true,24
5s,4h,4d,rainbow,paired,low,0,0,true,12
5s,5h,2s,two_tone,paired,low,2,0,true,12
5s,5h,2d,rainbow,paired,low,2,0,true,12
5s,5h,3s,two_tone,paired,low,1,0,true,12
5s,5h,3d,rainbow,paired,low,1,0,true,12
5s,5h,4s,two_tone,paired,low,0,0,true,12
5s,5h,4d,rainbow,paired,low,0,0,true,12
5s,5h,5d,rainbow,trips,low,0,0,true,4
5h,3s,2s,two_tone,unpaired,low,1,0,true,12
5h,4s,2s,two_tone,unpaired,low,0,1,true,12
5h,4s,3s,two_tone,unpaired,low,0,0,true,12
6s,2s,2h,two_tone,paired,middle,3,0,true,12
6s,2h,2d,rainbow,paired,middle,3,0,true,12
6s,3s,2s,monotone,unpaired,middle,2,0,true,4
6s,3s,2h,two_tone,unpaired,middle,2,0,true,12
6s,3s,3h,two_tone,paired,middle,2,0,true,12
6s,3h,2s,two_tone,unpaired,middle,2,0,true,12
6s,3h,2d,rainbow,unpaired,middle,2,0,true,24
6s,3h,3d,rainbow,paired,middle,2,0,true,12
6s,4s,2s,monotone,unpaired,middle,1,1,true,4
6s,4s,2h,two_tone,unpaired,middle,1,1,true,12
6s,4s,3s,monotone,unpaired,middle,1,0,true,4
6s,4s,3h,two_tone,unpaired,middle,1,0,true,12
6s,4s,4h,two_tone,paired,middle,1,0,true,12
6s,4h,2s,two_tone,unpaired,middle,1,1,true,12
6s,4h,2d,rainbow,unpaired,middle,1,1,true,24
6s,4h,3s,two_tone,unpaired,middle,1,0,true,12
6s,4h,3d,rainbow,unpaired,middle,1,0,true,24
6s,4h,4d,rainbow,paired,middle,1,0,true,12
6s,5s,2s,monotone,unpaired,middle,0,2,true,4
6s,5s,2h,two_tone,unpaired,middle,0,2,true,12
6s,5s,3s,monotone,unpaired,middle,0,1,true,4
6s,5s,3h,two_tone,unpaired,middle,0,1,true,12
6s,5s,4s,monotone,unpaired,middle,0,0,true,4
6s,5s,4h,two_tone,unpaired,middle,0,0,true,12
6s,5s,5h,two_tone,paired,middle,0,0,true,12
6s,5h,2s,two_tone,unpaired,middle,0,2,true,12
6s,5h,2d,rainbow,unpaired,middle,0,2,true,24
6s,5h,3s,two_tone,unpaired,middle,0,1,true,12
6s,5h,3d,rainbow,unpaired,middle,0,1,true,24
6s,5h,4s,two_tone,unpaired,middle,0,0,true,12
6s,5h,4d,rainbow,unpaired,middle,0,0,true,24
6s,5h,5d,rainbow,paired,middle,0,0,true,12
6s,6h,2s,two_tone,paired,middle,3,0,true,12
6s,6h,2d,rainbow,paired,middle,3,0,true,12
6s,6h,3s,two_tone,paired,middle,2,0,true,12
6s,6h,3d,rainbow,paired,middle,2,0,true,12
6s,6h,4s,two_tone,paired,middle,1,0,true,12
6s,6h,4d,rainbow,paired,middle,1,0,true,12
6s,6h,5s,two_tone,paired,middle,0,0,true,12
6s,6h,5d,rainbow,paired,middle,0,0,true,12
6s,6h,6d,rainbow,trips,middle,0,0,true,4
6h,3s,2s,two_tone,unpaired,middle,2,0,true,12
6h,4s,2s,two_tone,unpaired,middle,1,1,true,12
6h,4s,3s,two_tone,unpaired,middle,1,0,true,12
6h,5s,2s,two_tone,unpaired,middle,0,2,true,12
6h,5s,3s,two_tone,unpaired,middle,0,1,true,12
6h,5s,4s,two_tone,unpaired,middle,0,0,true,12
7s,2s,2h,two_tone,paired,middle,4,0,false,12
7s,2h,2d,rainbow,paired,middle,4,0,false,12
7s,3s,2s,monotone,unpaired,middle,3,0,false,4
7s,3s,2h,two_tone,unpaired,middle,3,0,false,12
7s,3s,3h,two_tone,paired,middle,3,0,true,12
7s,3h,2s,two_tone,unpaired,middle,3,0,false,12
7s,3h,2d,rainbow,unpaired,middle,3,0,false,24
7s,3h,3d,rainbow,paired,middle,3,0,true,12
7s,4s,2s,monotone,unpaired,middle,2,1,false,4
7s,4s,2h,two_tone,unpaired,middle,2,1,false,12
7s,4s,3s,monotone,unpaired,middle,2,0,true,4
7s,4s,3h,two_tone,unpaired,middle,2,0,true,12
7s,4s,4h,two_tone,paired,middle,2,0,true,12
7s,4h,2s,two_tone,unpaired,middle,2,1,false,12
7s,4h,2d,rainbow,unpaired,middle,2,1,false,24
7s,4h,3s,two_tone,unpaired,middle,2,0,true,12
7s,4h,3d,rainbow,unpaired,middle,2,0,true,24
7s,4h,4d,rainbow,paired,middle,2,0,true,12
7s,5s,2s,monotone,unpaired,middle,1,2,false,4
7s,5s,2h,two_tone,unpaired,middle,1,2,false,12
7s,5s,3s,monotone,unpaired,middle,1,1,true,4
7s,5s,3h,two_tone,unpaired,middle,1,1,true,12
7s,5s,4s,monotone,unpaired,middle,1,0,true,4
7s,5s,4h,two_tone,unpaired,middle,1,0,true,12
7s,5s,5h,two_tone,paired,middle,1,0,true,12
7s,5h,2s,two_tone,unpaired,middle,1,2,false,12
7s,5h,2d,rainbow,unpaired,middle,1,2,false,24
7s,5h,3s,two_tone,unpaired,middle,1,1,true,12
7s,5h,3d,rainbow,unpaired,middle,1,1,true,24
7s,5h,4s,two_tone,unpaired,middle,1,0,true,12
7s,5h,4d,rainbow,unpaired,middle,1,0,true,24
7s,5h,5d,rainbow,paired,middle,1,0,true,12
7s,6s,2s,monotone,unpaired,middle,0,3,false,4
7s,6s,2h,two_tone,unpaired,middle,0,3,false,12
7s,6s,3s,monotone,unpaired,middle,0,2,true,4
7s,6s,3h,two_tone,unpaired,middle,0,2,true,12
7s,6s,4s,monotone,unpaired,middle,0,1,true,4
7s,6s,4h,two_tone,unpaired,middle,0,1,true,12
7s,6s,5s,monotone,unpaired,middle,0,0,true,4
7s,6s,5h,two_tone,unpaired,middle,0,0,true,12
7s,6s,6h,two_tone,paired,middle,0,0,true,12
7s,6h,2s,two_tone,unpaired,middle,0,3,false,12
7s,6h,2d,rainbow,unpaired,middle,0,3,false,24
7s,6h,3s,two_tone,unpaired,middle,0,2,true,12
7s,6h,3d,rainbow,unpaired,middle,0,2,true,24
7s,6h,4s,two_tone,unpaired,middle,0,1,true,12
7s,6h,4d,rainbow,unpaired,middle,0,1,true,24
7s,6h,5s,two_tone,unpaired,middle,0,0,true,12
7s,6h,5d,rainbow,unpaired,middle,0,0,true,24
7s,6h,6d,rainbow,paired,middle,0,0,true,12
7s,7h,2s,two_tone,paired,middle,4,0,false,12
7s,7h,2d,rainbow,paired,middle,4,0,false,12
7s,7h,3s,two_tone,paired,middle,3,0,true,12
7s,7h,3d,rainbow,paired,middle,3,0,true,12
7s,7h,4s,two_tone,paired,middle,2,0,true,12
7s,7h,4d,rainbow,paired,middle,2,0,true,12
7s,7h,5s,two_tone,paired,middle,1,0,true,12
7s,7h,5d,rainbow,paired,middle,1,0,true,12
7s,7h,6s,two_tone,paired,middle,0,0,true,12
7s,7h,6d,rainbow,paired,middle,0,0,true,12
7s,7h,7d,rainbow,trips,middle,0,0,true,4
7h,3s,2s,two_tone,unpaired,middle,3,0,false,12
7h,4s,2s,two_tone,unpaired,middle,2,1,false,12
7h,4s,3s,two_tone,unpaired,middle,2,0,true,12
7h,5s,2s,two_tone,unpaired,middle,1,2,false,12
7h,5s,3s,two_tone,unpaired,middle,1,1,true,12
7h,5s,4s,two_tone,unpaired,middle,1,0,true,12
7h,6s,2s,two_tone,unpaired,middle,0,3,false,12
7h,6s,3s,two_tone,unpaired,middle,0,2,true,12
7h,6s,4s,two_tone,unpaired,middle,0,1,true,12
7h,6s,5s,two_tone,unpaired,middle,0,0,true,12
8s,2s,2h,two_tone,paired,middle,5,0,false,12
8s,2h,2d,rainbow,paired,middle,5,0,false,12
8s,3s,2s,monotone,unpaired,middle,4,0,false,4
8s,3s,2h,two_tone,unpaired,middle,4,0,false,12
8s,3s,3h,two_tone,paired,middle,4,0,false,12
8s,3h,2s,two_tone,unpaired,middle,4,0,false,12
8s,3h,2d,rainbow,unpaired,middle,4,0,false,24
8s,3h,3d,rainbow,paired,middle,4,0,false,12
8s,4s,2s,monotone,unpaired,middle,3,1,false,4
8s,4s,2h,two_tone,unpaired,middle,3,1,false,12
8s,4s,3s,monotone,unpaired,middle,3,0,false,4
8s,4s,3h,two_tone,unpaired,middle,3,0,false,12
8s,4s,4h,two_tone,paired,middle,3,0,true,12
8s,4h,2s,two_tone,unpaired,middle,3,1,false,12
8s,4h,2d,rainbow,unpaired,middle,3,1,false,24
8s,4h,3s,two_tone,unpaired,middle,3,0,false,12
8s,4h,3d,rainbow,unpaired,middle,3,0,false,24
8s,4h,4d,rainbow,paired,middle,3,0,true,12
8s,5s,2s,monotone,unpaired,middle,2,2,false,4
8s,5s,2h,two_tone,unpaired,middle,2,2,false,12
8s,5s,3s,monotone,unpaired,middle,2,1,false,4
8s,5s,3h,two_tone,unpaired,middle,2,1,false,12
8s,5s,4s,monotone,unpaired,middle,2,0,true,4
8s,5s,4h,two_tone,unpaired,middle,2,0,true,12
8s,5s,5h,two_tone,paired,middle,2,0,true,12
8s,5h,2s,two_tone,unpaired,middle,2,2,false,12
8s,5h,2d,rainbow,unpaired,middle,2,2,false,24
8s,5h,3s,two_tone,unpaired,middle,2,1,false,12
8s,5h,3d,rainbow,unpaired,middle,2,1,false,24
8s,5h,4s,two_tone,unpaired,middle,2,0,true,12
8s,5h,4d,rainbow,unpaired,middle,2,0,true,24
8s,5h,5d,rainbow,paired,middle,2,0,true,12
8s,6s,2s,monotone,unpaired,middle,1,3,false,4
8s,6s,2h,two_tone,unpaired,middle,1,3,false,12
8s,6s,3s,monotone,unpaired,middle,1,2,false,4
8s,6s,3h,two_tone,unpaired,middle,1,2,false,12
8s,6s,4s,monotone,unpaired,middle,1,1,true,4
8s,6s,4h,two_tone,unpaired,middle,1,1,true,12
8s,6s,5s,monotone,unpaired,middle,1,0,true,4
8s,6s,5h,two_tone,unpaired,middle,1,0,true,12
8s,6s,6h,two_tone,paired,middle,1,0,true,12
8s,6h,2s,two_tone,unpaired,middle,1,3,false,12
8s,6h,2d,rainbow,unpaired,middle,1,3,false,24
8s,6h,3s,two_tone,unpaired,middle,1,2,false,12
8s,6h,3d,rainbow,unpaired,middle,1,2,false,24
8s,6h,4s,two_tone,unpaired,middle,1,1,true,12
8s,6h,4d,rainbow,unpaired,middle,1,1,true,24
8s,6h,5s,two_tone,unpaired,middle,1,0,true,12
8s,6h,5d,rainbow,unpaired,middle,1,0,true,24
8s,6h,6d,rainbow,paired,middle,1,0,true,12
8s,7s,2s,monotone,unpaired,middle,0,4,false,4
8s,7s,2h,two_tone,unpaired,middle,0,4,false,12
8s,7s,3s,monotone,unpaired,middle,0,3,false,4
8s,7s,3h,two_tone,unpaired,middle,0,3,false,12
8s,7s,4s,monotone,unpaired,middle,0,2,true,4
8s,7s,4h,two_tone,unpaired,middle,0,2,true,12
8s,7s,5s,monotone,unpaired,middle,0,1,true,4
8s,7s,5h,two_tone,unpaired,middle,0,1,true,12
8s,7s,6s,monotone,unpaired,middle,0,0,true,4
8s,7s,6h,two_tone,unpaired,middle,0,0,true,12
8s,7s,7h,two_tone,paired,middle,0,0,true,12
8s,7h,2s,two_tone,unpaired,middle,0,4,false,12
8s,7h,2d,rainbow,unpaired,middle,0,4,false,24
8s,7h,3s,two_tone,unpaired,middle,0,3,false,12
8s,7h,3d,rainbow,unpaired,middle,0,3,false,24
8s,7h,4s,two_tone,unpaired,middle,0,2,true,12
8s,7h,4d,rainbow,unpaired,middle,0,2,true,24
8s,7h,5s,two_tone,unpaired,middle,0,1,true,12
8s,7h,5d,rainbow,unpaired,middle,0,1,true,24
8s,7h,6s,two_tone,unpaired,middle,0,0,true,12
8s,7h,6d,rainbow,unpaired,middle,0,0,true,24
8s,7h,7d,rainbow,paired,middle,0,0,true,12
8s,8h,2s,two_tone,paired,middle,5,0,false,12
8s,8h,2d,rainbow,paired,middle,5,0,false,12
8s,8h,3s,two_tone,paired,middle,4,0,false,12
8s,8h,3d,rainbow,paired,middle,4,0,false,12
8s,8h,4s,two_tone,paired,middle,3,0,true,12
8s,8h,4d,rainbow,paired,middle,3,0,true,12
8s,8h,5s,two_tone,paired,middle,2,0,true,12
8s,8h,5d,rainbow,paired,middle,2,0,true,12
8s,8h,6s,two_tone,paired,middle,1,0,true,12
8s,8h,6d,rainbow,paired,middle,1,0,true,12
8s,8h,7s,two_tone,paired,middle,0,0,true,12
8s,8h,7d,rainbow,paired,middle,0,0,true,12
8s,8h,8d,rainbow,trips,middle,0,0,true,4
8h,3s,2s,two_tone,unpaired,middle,4,0,false,12
8h,4s,2s,two_tone,unpaired,middle,3,1,false,12
8h,4s,3s,two_tone,unpaired,middle,3,0,false,12
8h,5s,2s,two_tone,unpaired,middle,2,2,false,12
8h,5s,3s,two_tone,unpaired,middle,2,1,false,12
8h,5s,4s,two_tone,unpaired,middle,2,0,true,12
8h,6s,2s,two_tone,unpaired,middle,1,3,false,12
8h,6s,3s,two_tone,unpaired,middle,1,2,false,12
8h,6s,4s,two_tone,unpaired,middle,1,1,true,12
8h,6s,5s,two_tone,unpaired,middle,1,0,true,12
8h,7s,2s,two_tone,unpaired,middle,0,4,false,12
8h,7s,3s,two_tone,unpaired,middle,0,3,false,12
8h,7s,4s,two_tone,unpaired,middle,0,2,true,12
8h,7s,5s,two_tone,unpaired,middle,0,1,true,12
8h,7s,6s,two_tone,unpaired,middle,0,0,true,12
9s,2s,2h,two_tone,paired,middle,6,0,false,12
9s,2h,2d,rainbow,paired,middle,6,0,false,12
9s,3s,2s,monotone,unpaired,middle,5,0,false,4
9s,3s,2h,two_tone,unpaired,middle,5,0,false,12
9s,3s,3h,two_tone,paired,middle,5,0,false,12
9s,3h,2s,two_tone,unpaired,middle,5,0,false,12
9s,3h,2d,rainbow,unpaired,middle,5,0,false,24
9s,3h,3d,rainbow,paired,middle,5,0,false,12
9s,4s,2s,monotone,unpaired,middle,4,1,false,4
9s,4s,2h,two_tone,unpaired,middle,4,1,false,12
9s,4s,3s,monotone,unpaired,middle,4,0,false,4
9s,4s,3h,two_tone,unpaired,middle,4,0,false,12
9s,4s,4h,two_tone,paired,middle,4,0,false,12
9s,4h,2s,two_tone,unpaired,middle,4,1,false,12
9s,4h,2d,rainbow,unpaired,middle,4,1,false,24
9s,4h,3s,two_tone,unpaired,middle,4,0,false,12
9s,4h,3d,rainbow,unpaired,middle,4,0,false,24
9s,4h,4d,rainbow,paired,middle,4,0,false,12
9s,5s,2s,monotone,unpaired,middle,3,2,false,4
9s,5s,2h,two_tone,unpaired,middle,3,2,false,12
9s,5s,3s,monotone,unpaired,middle,3,1,false,4
9s,5s,3h,two_tone,unpaired,middle,3,1,false,12
9s,5s,4s,monotone,unpaired,middle,3,0,false,4
9s,5s,4h,two_tone,unpaired,middle,3,0,false,12
9s,5s,5h,two_tone,paired,middle,3,0,true,12
9s,5h,2s,two_tone,unpaired,middle,3,2,false,12
9s,5h,2d,rainbow,unpaired,middle,3,2,false,24
9s,5h,3s,two_tone,unpaired,middle,3,1,false,12
9s,5h,3d,rainbow,unpaired,middle,3,1,false,24
9s,5h,4s,two_tone,unpaired,middle,3,0,false,12
9s,5h,4d,rainbow,unpaired,middle,3,0,false,24
9s,5h,5d,rainbow,paired,middle,3,0,true,12
9s,6s,2s,monotone,unpaired,middle,2,3,false,4
9s,6s,2h,two_tone,unpaired,middle,2,3,false,12
9s,6s,3s,monotone,unpaired,middle,2,2,false,4
9s,6s,3h,two_tone,unpaired,middle,2,2,false,12
9s,6s,4s,monotone,unpaired,middle,2,1,false,4
9s,6s,4h,two_tone,unpaired,middle,2,1,false,12
9s,6s,5s,monotone,unpaired,middle,2,0,true,4
9s,6s,5h,two_tone,unpaired,middle,2,0,true,12
9s,6s,6h,two_tone,paired,middle,2,0,true,12
9s,6h,2s,two_tone,unpaired,middle,2,3,false,12
9s,6h,2d,rainbow,unpaired,middle,2,3,false,24
9s,6h,3s,two_tone,unpaired,middle,2,2,false,12
9s,6h,3d,rainbow,unpaired,middle,2,2,false,24
9s,6h,4s,two_tone,unpaired,middle,2,1,false,12
9s,6h,4d,rainbow,unpaired,middle,2,1,false,24
9s,6h,5s,two_tone,unpaired,middle,2,0,true,12
9s,6h,5d,rainbow,unpaired,middle,2,0,true,24
9s,6h,6d,rainbow,paired,middle,2,0,true,12
9s,7s,2s,monotone,unpaired,middle,1,4,false,4
9s,7s,2h,two_tone,unpaired,middle,1,4,false,12
9s,7s,3s,monotone,unpaired,middle,1,3,false,4
9s,7s,3h,two_tone,unpaired,middle,1,3,false,12
9s,7s,4s,monotone,unpaired,middle,1,2,false,4
9s,7s,4h,two_tone,unpaired,middle,1,2,false,12
9s,7s,5s,monotone,unpaired,middle,1,1,true,4
9s,7s,5h,two_tone,unpaired,middle,1,1,true,12
9s,7s,6s,monotone,unpaired,middle,1,0,true,4
9s,7s,6h,two_tone,unpaired,middle,1,0,true,12
9s,7s,7h,two_tone,paired,middle,1,0,true,12
9s,7h,2s,two_tone,unpaired,middle,1,4,false,12
9s,7h,2d,rainbow,unpaired,middle,1,4,false,24
9s,7h,3s,two_tone,unpaired,middle,1,3,false,12
9s,7h,3d,rainbow,unpaired,middle,1,3,false,24
9s,7h,4s,two_tone,unpaired,middle,1,2,false,12
9s,7h,4d,rainbow,unpaired,middle,1,2,false,24
9s,7h,5s,two_tone,unpaired,middle,1,1,true,12
9s,7h,5d,rainbow,unpaired,middle,1,1,true,24
9s,7h,6s,two_tone,unpaired,middle,1,0,true,12
9s,7h,6d,rainbow,unpaired,middle,1,0,true,24
9s,7h,7d,rainbow,paired,middle,1,0,true,12
9s,8s,2s,monotone,unpaired,middle,0,5,false,4
9s,8s,2h,two_tone,unpaired,middle,0,5,false,12
9s,8s,3s,monotone,unpaired,middle,0,4,false,4
9s,8s,3h,two_tone,unpaired,middle,0,4,false,12
9s,8s,4s,monotone,unpaired,middle,0,3,false,4
9s,8s,4h,two_tone,unpaired,middle,0,3,false,12
9s,8s,5s,monotone,unpaired,middle,0,2,true,4
9s,8s,5h,two_tone,unpaired,middle,0,2,true,12
9s,8s,6s,monotone,unpaired,middle,0,1,true,4
9s,8s,6h,two_tone,unpaired,middle,0,1,true,12
9s,8s,7s,monotone,unpaired,middle,0,0,true,4
9s,8s,7h,two_tone,unpaired,middle,0,0,true,12
9s,8s,8h,two_tone,paired,middle,0,0,true,12
9s,8h,2s,two_tone,unpaired,middle,0,5,false,12
9s,8h,2d,rainbow,unpaired,middle,0,5,false,24
9s,8h,3s,two_tone,unpaired,middle,0,4,false,12
9s,8h,3d,rainbow,unpaired,middle,0,4,false,24
9s,8h,4s,two_tone,unpaired,middle,0,3,false,12
9s,8h,4d,rainbow,unpaired,middle,0,3,false,24
9s,8h,5s,two_tone,unpaired,middle,0,2,true,12
9s,8h,5d,rainbow,unpaired,middle,0,2,true,24
9s,8h,6s,two_tone,unpaired,middle,0,1,true,12
9s,8h,6d,rainbow,unpaired,middle,0,1,true,24
9s,8h,7s,two_tone,unpaired,middle,0,0,true,12
9s,8h,7d,rainbow,unpaired,middle,0,0,true,24
9s,8h,8d,rainbow,paired,middle,0,0,true,12
9s,9h,2s,two_tone,paired,middle,6,0,false,12
9s,9h,2d,rainbow,paired,middle,6,0,false,12
9s,9h,3s,two_tone,paired,middle,5,0,false,12
9s,9h,3d,rainbow,paired,middle,5,0,false,12
9s,9h,4s,two_tone,paired,middle,4,0,false,12
9s,9h,4d,rainbow,paired,middle,4,0,false,12
9s,9h,5s,two_tone,paired,middle,3,0,true,12
9s,9h,5d,rainbow,paired,middle,3,0,true,12
9s,9h,6s,two_tone,paired,middle,2,0,true,12
9s,9h,6d,rainbow,paired,middle,2,0,true,12
9s,9h,7s,two_tone,paired,middle,1,0,true,12
9s,9h,7d,rainbow,paired,middle,1,0,true,12
9s,9h,8s,two_tone,paired,middle,0,0,true,12
9s,9h,8d,rainbow,paired,middle,0,0,true,12
9s,9h,9d,rainbow,trips,middle,0,0,true,4
9h,3s,2s,two_tone,unpaired,middle,5,0,false,12
9h,4s,2s,two_tone,unpaired,middle,4,1,false,12
9h,4s,3s,two_tone,unpaired,middle,4,0,false,12
9h,5s,2s,two_tone,unpaired,middle,3,2,false,12
9h,5s,3s,two_tone,unpaired,middle,3,1,false,12
9h,5s,4s,two_tone,unpaired,middle,3,0,false,12
9h,6s,2s,two_tone,unpaired,middle,2,3,false,12
9h,6s,3s,two_tone,unpaired,middle,2,2,false,12
9h,6s,4s,two_tone,unpaired,middle,2,1,false,12
9h,6s,5s,two_tone,unpaired,middle,2,0,true,12
9h,7s,2s,two_tone,unpaired,middle,1,4,false,12
9h,7s,3s,two_tone,unpaired,middle,1,3,false,12
9h,7s,4s,two_tone,unpaired,middle,1,2,false,12
9h,7s,5s,two_tone,unpaired,middle,1,1,true,12
9h,7s,6s,two_tone,unpaired,middle,1,0,true,12
9h,8s,2s,two_tone,unpaired,middle,0,5,false,12
9h,8s,3s,two_tone,unpaired,middle,0,4,false,12
9h,8s,4s,two_tone,unpaired,middle,0,3,false,12
9h,8s,5s,two_tone,unpaired,middle,0,2,true,12
9h,8s,6s,two_tone,unpaired,middle,0,1,true,12
9h,8s,7s,two_tone,unpaired,middle,0,0,true,12
Ts,2s,2h,two_tone,paired,broadway,7,0,false,12
Ts,2h,2d,rainbow,paired,broadway,7,0,false,12
Ts,3s,2s,monotone,unpaired,broadway,6,0,false,4
Ts,3s,2h,two_tone,unpaired,broadway,6,0,false,12
Ts,3s,3h,two_tone,paired,broadway,6,0,false,12
Ts,3h,2s,two_tone,unpaired,broadway,6,0,false,12
Ts,3h,2d,rainbow,unpaired,broadway,6,0,false,24
Ts,3h,3d,rainbow,paired,broadway,6,0,false,12
Ts,4s,2s,monotone,unpaired,broadway,5,1,false,4
Ts,4s,2h,two_tone,unpaired,broadway,5,1,false,12
Ts,4s,3s,monotone,unpaired,broadway,5,0,false,4
Ts,4s,3h,two_tone,unpaired,broadway,5,0,false,12
Ts,4s,4h,two_tone,paired,broadway,5,0,false,12
Ts,4h,2s,two_tone,unpaired,broadway,5,1,false,12
Ts,4h,2d,rainbow,unpaired,broadway,5,1,false,24
Ts,4h,3s,two_tone,unpaired,broadway,5,0,false,12
Ts,4h,3d,rainbow,unpaired,broadway,5,0,false,24
Ts,4h,4d,rainbow,paired,broadway,5,0,false,12
Ts,5s,2s,monotone,unpaired,broadway,4,2,false,4
Ts,5s,2h,two_tone,unpaired,broadway,4,2,false,12
Ts,5s,3s,monotone,unpaired,broadway,4,1,false,4
Ts,5s,3h,two_tone,unpaired,broadway,4,1,false,12
Ts,5s,4s,monotone,unpaired,broadway,4,0,false,4
Ts,5s,4h,two_tone,unpaired,broadway,4,0,false,12
Ts,5s,5h,two_tone,paired,broadway,4,0,false,12
Ts,5h,2s,two_tone,unpaired,broadway,4,2,false,12
Ts,5h,2d,rainbow,unpaired,broadway,4,2,false,24
Ts,5h,3s,two_tone,unpaired,broadway,4,1,false,12
Ts,5h,3d,rainbow,unpaired,broadway,4,1,false,24
Ts,5h,4s,two_tone,unpaired,broadway,4,0,false,12
Ts,5h,4d,rainbow,unpaired,broadway,4,0,false,24
Ts,5h,5d,rainbow,paired,broadway,4,0,false,12
Ts,6s,2s,monotone,unpaired,broadway,3,3,false,4
Ts,6s,2h,two_tone,unpaired,broadway,3,3,false,12
Ts,6s,3s,monotone,unpaired,broadway,3,2,false,4
Ts,6s,3h,two_tone,unpaired,broadway,3,2,false,12
Ts,6s,4s,monotone,unpaired,broadway,3,1,false,4
Ts,6s,4h,two_tone,unpaired,broadway,3,1,false,12
Ts,6s,5s,monotone,unpaired,broadway,3,0,false,4
Ts,6s,5h,two_tone,unpaired,broadway,3,0,false,12
Ts,6s,6h,two_tone,paired,broadway,3,0,true,12
Ts,6h,2s,two_tone,unpaired,broadway,3,3,false,12
Ts,6h,2d,rainbow,unpaired,broadway,3,3,false,24
Ts,6h,3s,two_tone,unpaired,broadway,3,2,false,12
Ts,6h,3d,rainbow,unpaired,broadway,3,2,false,24
Ts,6h,4s,two_tone,unpaired,broadway,3,1,false,12
Ts,6h,4d,rainbow,unpaired,broadway,3,1,false,24
Ts,6h,5s,two_tone,unpaired,broadway,3,0,false,12
Ts,6h,5d,rainbow,unpaired,broadway,3,0,false,24
Ts,6h,6d,rainbow,paired,broadway,3,0,true,12
Ts,7s,2s,monotone,unpaired,broadway,2,4,false,4
Ts,7s,2h,two_tone,unpaired,broadway,2,4,false,12
Ts,7s,3s,monotone,unpaired,broadway,2,3,false,4
Ts,7s,3h,two_tone,unpaired,broadway,2,3,false,12
Ts,7s,4s,monotone,unpaired,broadway,2,2,false,4
Ts,7s,4h,two_tone,unpaired,broadway,2,2,false,12
Ts,7s,5s,monotone,unpaired,broadway,2,1,false,4
Ts,7s,5h,two_tone,unpaired,broadway,2,1,false,12
Ts,7s,6s,monotone,unpaired,broadway,2,0,true,4
Ts,7s,6h,two_tone,unpaired,broadway,2,0,true,12
Ts,7s,7h,two_tone,paired,broadway,2,0,true,12
Ts,7h,2s,two_tone,unpaired,broadway,2,4,false,12
Ts,7h,2d,rainbow,unpaired,broadway,2,4,false,24
Ts,7h,3s,two_tone,unpaired,broadway,2,3,false,12
Ts,7h,3d,rainbow,unpaired,broadway,2,3,false,24
Ts,7h,4s,two_tone,unpaired,broadway,2,2,false,12
Ts,7h,4d,rainbow,unpaired,broadway,2,2,false,24
Ts,7h,5s,two_tone,unpaired,broadway,2,1,false,12
Ts,7h,5d,rainbow,unpaired,broadway,2,1,false,24
Ts,7h,6s,two_tone,unpaired,broadway,2,0,true,12
Ts,7h,6d,rainbow,unpaired,broadway,2,0,true,24
Ts,7h,7d,rainbow,paired,broadway,2,0,true,12
Ts,8s,2s,monotone,unpaired,broadway,1,5,false,4
Ts,8s,2h,two_tone,unpaired,broadway,1,5,false,12
Ts,8s,3s,monotone,unpaired,broadway,1,4,false,4
Ts,8s,3h,two_tone,unpaired,broadway,1,4,false,12
Ts,8s,4s,monotone,unpaired,broadway,1,3,false,4
Ts,8s,4h,two_tone,unpaired,broadway,1,3,false,12
Ts,8s,5s,monotone,unpaired,broadway,1,2,false,4
Ts,8s,5h,two_tone,unpaired,broadway,1,2,false,12
Ts,8s,6s,monotone,unpaired,broadway,1,1,true,4
Ts,8s,6h,two_tone,unpaired,broadway,1,1,true,12
Ts,8s,7s,monotone,unpaired,broadway,1,0,true,4
Ts,8s,7h,two_tone,unpaired,broadway,1,0,true,12
Ts,8s,8h,two_tone,paired,broadway,1,0,true,12
Ts,8h,2s,two_tone,unpaired,broadway,1,5,false,12
Ts,8h,2d,rainbow,unpaired,broadway,1,5,false,24
Ts,8h,3s,two_tone,unpaired,broadway,1,4,false,12
Ts,8h,3d,rainbow,unpaired,broadway,1,4,false,24
Ts,8h,4s,two_tone,unpaired,broadway,1,3,false,12
Ts,8h,4d,rainbow,unpaired,broadway,1,3,false,24
Ts,8h,5s,two_tone,unpaired,broadway,1,2,false,12
Ts,8h,5d,rainbow,unpaired,broadway,1,2,false,24
Ts,8h,6s,two_tone,unpaired,broadway,1,1,true,12
Ts,8h,6d,rainbow,unpaired,broadway,1,1,true,24
Ts,8h,7s,two_tone,unpaired,broadway,1,0,true,12
Ts,8h,7d,rainbow,unpaired,broadway,1,0,true,24
Ts,8h,8d,rainbow,paired,broadway,1,0,true,12
Ts,9s,2s,monotone,unpaired,broadway,0,6,false,4
Ts,9s,2h,two_tone,unpaired,broadway,0,6,false,12
Ts,9s,3s,monotone,unpaired,broadway,0,5,false,4
Ts,9s,3h,two_tone,unpaired,broadway,0,5,false,12
Ts,9s,4s,monotone,unpaired,broadway,0,4,false,4
Ts,9s,4h,two_tone,unpaired,broadway,0,4,false,12
Ts,9s,5s,monotone,unpaired,broadway,0,3,false,4
Ts,9s,5h,two_tone,unpaired,broadway,0,3,false,12
Ts,9s,6s,monotone,unpaired,broadway,0,2,true,4
Ts,9s,6h,two_tone,unpaired,broadway,0,2,true,12
Ts,9s,7s,monotone,unpaired,broadway,0,1,true,4
Ts,9s,7h,two_tone,unpaired,broadway,0,1,true,12
Ts,9s,8s,monotone,unpaired,broadway,0,0,true,4
Ts,9s,8h,two_tone,unpaired,broadway,0,0,true,12
Ts,9s,9h,two_tone,paired,broadway,0,0,true,12
Ts,9h,2s,two_tone,unpaired,broadway,0,6,false,12
Ts,9h,2d,rainbow,unpaired,broadway,0,6,false,24
Ts,9h,3s,two_tone,unpaired,broadway,0,5,false,12
Ts,9h,3d,rainbow,unpaired,broadway,0,5,false,24
Ts,9h,4s,two_tone,unpaired,broadway,0,4,false,12
Ts,9h,4d,rainbow,unpaired,broadway,0,4,false,24
Ts,9h,5s,two_tone,unpaired,broadway,0,3,false,12
Ts,9h,5d,rainbow,unpaired,broadway,0,3,false,24
Ts,9h,6s,two_tone,unpaired,broadway,0,2,true,12
Ts,9h,6d,rainbow,unpaired,broadway,0,2,true,24
Ts,9h,7s,two_tone,unpaired,broadway,0,1,true,12
Ts,9h,7d,rainbow,unpaired,broadway,0,1,true,24
Ts,9h,8s,two_tone,unpaired,broadway,0,0,true,12
Ts,9h,8d,rainbow,unpaired,broadway,0,0,true,24
Ts,9h,9d,rainbow,paired,broadway,0,0,true,12
Ts,Th,2s,two_tone,paired,broadway,7,0,false,12
Ts,Th,2d,rainbow,paired,broadway,7,0,false,12
Ts,Th,3s,two_tone,paired,broadway,6,0,false,12
Ts,Th,3d,rainbow,paired,broadway,6,0,false,12
Ts,Th,4s,two_tone,paired,broadway,5,0,false,12
Ts,Th,4d,rainbow,paired,broadway,5,0,false,12
Ts,Th,5s,two_tone,paired,broadway,4,0,false,12
Ts,Th,5d,rainbow,paired,broadway,4,0,false,12
Ts,Th,6s,two_tone,paired,broadway,3,0,true,12
Ts,Th,6d,rainbow,paired,broadway,3,0,true,12
Ts,Th,7s,two_tone,paired,broadway,2,0,true,12
Ts,Th,7d,rainbow,paired,broadway,2,0,true,12
Ts,Th,8s,two_tone,paired,broadway,1,0,true,12
Ts,Th,8d,rainbow,paired,broadway,1,0,true,12
Ts,Th,9s,two_tone,paired,broadway,0,0,true,12
Ts,Th,9d,rainbow,paired,broadway,0,0,true,12
Ts,Th,Td,rainbow,trips,broadway,0,0,true,4
Th,3s,2s,two_tone,unpaired,broadway,6,0,false,12
Th,4s,2s,two_tone,unpaired,broadway,5,1,false,12
Th,4s,3s,two_tone,unpaired,broadway,5,0,false,12
Th,5s,2s,two_tone,unpaired,broadway,4,2,false,12
Th,5s,3s,two_tone,unpaired,broadway,4,1,false,12
Th,5s,4s,two_tone,unpaired,broadway,4,0,false,12
Th,6s,2s,two_tone,unpaired,broadway,3,3,false,12
Th,6s,3s,two_tone,unpaired,broadway,3,2,false,12
Th,6s,4s,two_tone,unpaired,broadway,3,1,false,12
Th,6s,5s,two_tone,unpaired,broadway,3,0,false,12
Th,7s,2s,two_tone,unpaired,broadway,2,4,false,12
Th,7s,3s,two_tone,unpaired,broadway,2,3,false,12
Th,7s,4s,two_tone,unpaired,broadway,2,2,false,12
Th,7s,5s,two_tone,unpaired,broadway,2,1,false,12
Th,7s,6s,two_tone,unpaired,broadway,2,0,true,12
Th,8s,2s,two_tone,unpaired,broadway,1,5,false,12
Th,8s,3s,two_tone,unpaired,broadway,1,4,false,12
Th,8s,4s,two_tone,unpaired,broadway,1,3,false,12
Th,8s,5s,two_tone,unpaired,broadway,1,2,false,12
Th,8s,6s,two_tone,unpaired,broadway,1,1,true,12
Th,8s,7s,two_tone,unpaired,broadway,1,0,true,12
Th,9s,2s,two_tone,unpaired,broadway,0,6,false,12
Th,9s,3s,two_tone,unpaired,broadway,0,5,false,12
Th,9s,4s,two_tone,unpaired,broadway,0,4,false,12
Th,9s,5s,two_tone,unpaired,broadway,0,3,false,12
Th,9s,6s,two_tone,unpaired,broadway,0,2,true,12
Th,9s,7s,two_tone,unpaired,broadway,0,1,true,12
Th,9s,8s,two_tone,unpaired,broadway,0,0,true,12
Js,2s,2h,two_tone,paired,broadway,8,0,false,12
Js,2h,2d,rainbow,paired,broadway,8,0,false,12
Js,3s,2s,monotone,unpaired,broadway,7,0,false,4
Js,3s,2h,two_tone,unpaired,broadway,7,0,false,12
Js,3s,3h,two_tone,paired,broadway,7,0,false,12
Js,3h,2s,two_tone,unpaired,broadway,7,0,false,12
Js,3h,2d,rainbow,unpaired,broadway,7,0,false,24
Js,3h,3d,rainbow,paired,broadway,7,0,false,12
Js,4s,2s,monotone,unpaired,broadway,6,1,false,4
Js,4s,2h,two_tone,unpaired,broadway,6,1,false,12
Js,4s,3s,monotone,unpaired,broadway,6,0,false,4
Js,4s,3h,two_tone,unpaired,broadway,6,0,false,12
Js,4s,4h,two_tone,paired,broadway,6,0,false,12
Js,4h,2s,two_tone,unpaired,broadway,6,1,false,12
Js,4h,2d,rainbow,unpaired,broadway,6,1,false,24
Js,4h,3s,two_tone,unpaired,broadway,6,0,false,12
Js,4h,3d,rainbow,unpaired,broadway,6,0,false,24
Js,4h,4d,rainbow,paired,broadway,6,0,false,12
Js,5s,2s,monotone,unpaired,broadway,5,2,false,4
Js,5s,2h,two_tone,unpaired,broadway,5,2,false,12
Js,5s,3s,monotone,unpaired,broadway,5,1,false,4
Js,5s,3h,two_tone,unpaired,broadway,5,1,false,12
Js,5s,4s,monotone,unpaired,broadway,5,0,false,4
Js,5s,4h,two_tone,unpaired,broadway,5,0,false,12
Js,5s,5h,two_tone,paired,broadway,5,0,false,12
Js,5h,2s,two_tone,unpaired,broadway,5,2,false,12
Js,5h,2d,rainbow,unpaired,broadway,5,2,false,24
Js,5h,3s,two_tone,unpaired,broadway,5,1,false,12
Js,5h,3d,rainbow,unpaired,broadway,5,1,false,24
Js,5h,4s,two_tone,unpaired,broadway,5,0,false,12
Js,5h,4d,rainbow,unpaired,broadway,5,0,false,24
Js,5h,5d,rainbow,paired,broadway,5,0,false,12
Js,6s,2s,monotone,unpaired,broadway,4,3,false,4
Js,6s,2h,two_tone,unpaired,broadway,4,3,false,12
Js,6s,3s,monotone,unpaired,broadway,4,2,false,4
Js,6s,3h,two_tone,unpaired,broadway,4,2,false,12
Js,6s,4s,monotone,unpaired,broadway,4,1,false,4
Js,6s,4h,two_tone,unpaired,broadway,4,1,false,12
Js,6s,5s,monotone,unpaired,broadway,4,0,false,4
Js,6s,5h,two_tone,unpaired,broadway,4,0,false,12
Js,6s,6h,two_tone,paired,broadway,4,0,false,12
Js,6h,2s,two_tone,unpaired,broadway,4,3,false,12
Js,6h,2d,rainbow,unpaired,broadway,4,3,false,24
Js,6h,3s,two_tone,unpaired,broadway,4,2,false,12
Js,6h,3d,rainbow,unpaired,broadway,4,2,false,24
Js,6h,4s,two_tone,unpaired,broadway,4,1,false,12
Js,6h,4d,rainbow,unpaired,broadway,4,1,false,24
Js,6h,5s,two_tone,unpaired,broadway,4,0,false,12
Js,6h,5d,rainbow,unpaired,broadway,4,0,false,24
Js,6h,6d,rainbow,paired,broadway,4,0,false,12
Js,7s,2s,monotone,unpaired,broadway,3,4,false,4
Js,7s,2h,two_tone,unpaired,broadway,3,4,false,12
Js,7s,3s,monotone,unpaired,broadway,3,3,false,4
Js,7s,3h,two_tone,unpaired,broadway,3,3,false,12
Js,7s,4s,monotone,unpaired,broadway,3,2,false,4
Js,7s,4h,two_tone,unpaired,broadway,3,2,false,12
Js,7s,5s,monotone,unpaired,broadway,3,1,false,4
Js,7s,5h,two_tone,unpaired,broadway,3,1,false,12
Js,7s,6s,monotone,unpaired,broadway,3,0,false,4
Js,7s,6h,two_tone,unpaired,broadway,3,0,false,12
Js,7s,7h,two_tone,paired,broadway,3,0,true,12
Js,7h,2s,two_tone,unpaired,broadway,3,4,false,12
Js,7h,2d,rainbow,unpaired,broadway,3,4,false,24
Js,7h,3s,two_tone,unpaired,broadway,3,3,false,12
Js,7h,3d,rainbow,unpaired,broadway,3,3,false,24
Js,7h,4s,two_tone,unpaired,broadway,3,2,false,12
Js,7h,4d,rainbow,unpaired,broadway,3,2,false,24
Js,7h,5s,two_tone,unpaired,broadway,3,1,false,12
Js,7h,5d,rainbow,unpaired,broadway,3,1,false,24
Js,7h,6s,two_tone,unpaired,broadway,3,0,false,12
Js,7h,6d,rainbow,unpaired,broadway,3,0,false,24
Js,7h,7d,rainbow,paired,broadway,3,0,true,12
Js,8s,2s,monotone,unpaired,broadway,2,5,false,4
Js,8s,2h,two_tone,unpaired,broadway,2,5,false,12
Js,8s,3s,monotone,unpaired,broadway,2,4,false,4
Js,8s,3h,two_tone,unpaired,broadway,2,4,false,12
Js,8s,4s,monotone,unpaired,broadway,2,3,false,4
Js,8s,4h,two_tone,unpaired,broadway,2,3,false,12
Js,8s,5s,monotone,unpaired,broadway,2,2,false,4
Js,8s,5h,two_tone,unpaired,broadway,2,2,false,12
Js,8s,6s,monotone,unpaired,broadway,2,1,false,4
Js,8s,6h,two_tone,unpaired,broadway,2,1,false,12
Js,8s,7s,monotone,unpaired,broadway,2,0,true,4
Js,8s,7h,two_tone,unpaired,broadway,2,0,true,12
Js,8s,8h,two_tone,paired,broadway,2,0,true,12
Js,8h,2s,two_tone,unpaired,broadway,2,5,false,12
Js,8h,2d,rainbow,unpaired,broadway,2,5,false,24
Js,8h,3s,two_tone,unpaired,broadway,2,4,false,12
Js,8h,3d,rainbow,unpaired,broadway,2,4,false,24
Js,8h,4s,two_tone,unpaired,broadway,2,3,false,12
Js,8h,4d,rainbow,unpaired,broadway,2,3,false,24
Js,8h,5s,two_tone,unpaired,broadway,2,2,false,12
Js,8h,5d,rainbow,unpaired,broadway,2,2,false,24
Js,8h,6s,two_tone,unpaired,broadway,2,1,false,12
Js,8h,6d,rainbow,unpaired,broadway,2,1,false,24
Js,8h,7s,two_tone,unpaired,broadway,2,0,true,12
Js,8h,7d,rainbow,unpaired,broadway,2,0,true,24
Js,8h,8d,rainbow,paired,broadway,2,0,true,12
Js,9s,2s,monotone,unpaired,broadway,1,6,false,4
Js,9s,2h,two_tone,unpaired,broadway,1,6,false,12
Js,9s,3s,monotone,unpaired,broadway,1,5,false,4
Js,9s,3h,two_tone,unpaired,broadway,1,5,false,12
Js,9s,4s,monotone,unpaired,broadway,1,4,false,4
Js,9s,4h,two_tone,unpaired,broadway,1,4,false,12
Js,9s,5s,monotone,unpaired,broadway,1,3,false,4
Js,9s,5h,two_tone,unpaired,broadway,1,3,false,12
Js,9s,6s,monotone,unpaired,broadway,1,2,false,4
Js,9s,6h,two_tone,unpaired,broadway,1,2,false,12
Js,9s,7s,monotone,unpaired,broadway,1,1,true,4
Js,9s,7h,two_tone,unpaired,broadway,1,1,true,12
Js,9s,8s,monotone,unpaired,broadway,1,0,true,4
Js,9s,8h,two_tone,unpaired,broadway,1,0,true,12
Js,9s,9h,two_tone,paired,broadway,1,0,true,12
Js,9h,2s,two_tone,unpaired,broadway,1,6,false,12
Js,9h,2d,rainbow,unpaired,broadway,1,6,false,24
Js,9h,3s,two_tone,unpaired,broadway,1,5,false,12
Js,9h,3d,rainbow,unpaired,broadway,1,5,false,24
Js,9h,4s,two_tone,unpaired,broadway,1,4,false,12
Js,9h,4d,rainbow,unpaired,broadway,1,4,false,24
Js,9h,5s,two_tone,unpaired,broadway,1,3,false,12
Js,9h,5d,rainbow,unpaired,broadway,1,3,false,24
Js,9h,6s,two_tone,unpaired,broadway,1,2,false,12
Js,9h,6d,rainbow,unpaired,broadway,1,2,false,24
Js,9h,7s,two_tone,unpaired,broadway,1,1,true,12
Js,9h,7d,rainbow,unpaired,broadway,1,1,true,24
Js,9h,8s,two_tone,unpaired,broadway,1,0,true,12
Js,9h,8d,rainbow,unpaired,broadway,1,0,true,24
Js,9h,9d,rainbow,paired,broadway,1,0,true,12
Js,Ts,2s,monotone,unpaired,broadway,0,7,false,4
Js,Ts,2h,two_tone,unpaired,broadway,0,7,false,12
Js,Ts,3s,monotone,unpaired,broadway,0,6,false,4
Js,Ts,3h,two_tone,unpaired,broadway,0,6,false,12
Js,Ts,4s,monotone,unpaired,broadway,0,5,false,4
Js,Ts,4h,two_tone,unpaired,broadway,0,5,false,12
Js,Ts,5s,monotone,unpaired,broadway,0,4,false,4
Js,Ts,5h,two_tone,unpaired,broadway,0,4,false,12
Js,Ts,6s,monotone,unpaired,broadway,0,3,false,4
Js,Ts,6h,two_tone,unpaired,broadway,0,3,false,12
Js,Ts,7s,monotone,unpaired,broadway,0,2,true,4
Js,Ts,7h,two_tone,unpaired,broadway,0,2,true,12
Js,Ts,8s,monotone,unpaired,broadway,0,1,true,4
Js,Ts,8h,two_tone,unpaired,broadway,0,1,true,12
Js,Ts,9s,monotone,unpaired,broadway,0,0,true,4
Js,Ts,9h,two_tone,unpaired,broadway,0,0,true,12
Js,Ts,Th,two_tone,paired,broadway,0,0,true,12
Js,Th,2s,two_tone,unpaired,broadway,0,7,false,12
Js,Th,2d,rainbow,unpaired,broadway,0,7,false,24
Js,Th,3s,two_tone,unpaired,broadway,0,6,false,12
Js,Th,3d,rainbow,unpaired,broadway,0,6,false,24
Js,Th,4s,two_tone,unpaired,broadway,0,5,false,12
Js,Th,4d,rainbow,unpaired,broadway,0,5,false,24
Js,Th,5s,two_tone,unpaired,broadway,0,4,false,12
Js,Th,5d,rainbow,unpaired,broadway,0,4,false,24
Js,Th,6s,two_tone,unpaired,broadway,0,3,false,12
Js,Th,6d,rainbow,unpaired,broadway,0,3,false,24
Js,Th,7s,two_tone,unpaired,broadway,0,2,true,12
Js,Th,7d,rainbow,unpaired,broadway,0,2,true,24
Js,Th,8s,two_tone,unpaired,broadway,0,1,true,12
Js,Th,8d,rainbow,unpaired,broadway,0,1,true,24
Js,Th,9s,two_tone,unpaired,broadway,0,0,true,12
Js,Th,9d,rainbow,unpaired,broadway,0,0,true,24
Js,Th,Td,rainbow,paired,broadway,0,0,true,12
Js,Jh,2s,two_tone,paired,broadway,8,0,false,12
Js,Jh,2d,rainbow,paired,broadway,8,0,false,12
Js,Jh,3s,two_tone,paired,broadway,7,0,false,12
Js,Jh,3d,rainbow,paired,broadway,7,0,false,12
Js,Jh,4s,two_tone,paired,broadway,6,0,false,12
Js,Jh,4d,rainbow,paired,broadway,6,0,false,12
Js,Jh,5s,two_tone,paired,broadway,5,0,false,12
Js,Jh,5d,rainbow,paired,broadway,5,0,false,12
Js,Jh,6s,two_tone,paired,broadway,4,0,false,12
Js,Jh,6d,rainbow,paired,broadway,4,0,false,12
Js,Jh,7s,two_tone,paired,broadway,3,0,true,12
Js,Jh,7d,rainbow,paired,broadway,3,0,true,12
Js,Jh,8s,two_tone,paired,broadway,2,0,true,12
Js,Jh,8d,rainbow,paired,broadway,2,0,true,12
Js,Jh,9s,two_tone,paired,broadway,1,0,true,12
Js,Jh,9d,rainbow,paired,broadway,1,0,true,12
Js,Jh,Ts,two_tone,paired,broadway,0,0,true,12
Js,Jh,Td,rainbow,paired,broadway,0,0,true,12
Js,Jh,Jd,rainbow,trips,broadway,0,0,true,4
Jh,3s,2s,two_tone,unpaired,broadway,7,0,false,12
Jh,4s,2s,two_tone,unpaired,broadway,6,1,false,12
Jh,4s,3s,two_tone,unpaired,broadway,6,0,false,12
Jh,5s,2s,two_tone,unpaired,broadway,5,2,false,12
Jh,5s,3s,two_tone,unpaired,broadway,5,1,false,12
Jh,5s,4s,two_tone,unpaired,broadway,5,0,false,12
Jh,6s,2s,two_tone,unpaired,broadway,4,3,false,12
Jh,6s,3s,two_tone,unpaired,broadway,4,2,false,12
Jh,6s,4s,two_tone,unpaired,broadway,4,1,false,12
Jh,6s,5s,two_tone,unpaired,broadway,4,0,false,12
Jh,7s,2s,two_tone,unpaired,broadway,3,4,false,12
Jh,7s,3s,two_tone,unpaired,broadway,3,3,false,12
Jh,7s,4s,two_tone,unpaired,broadway,3,2,false,12
Jh,7s,5s,two_tone,unpaired,broadway,3,1,false,12
Jh,7s,6s,two_tone,unpaired,broadway,3,0,false,12
Jh,8s,2s,two_tone,unpaired,broadway,2,5,false,12
Jh,8s,3s,two_tone,unpaired,broadway,2,4,false,12
Jh,8s,4s,two_tone,unpaired,broadway,2,3,false,12
Jh,8s,5s,two_tone,unpaired,broadway,2,2,false,12
Jh,8s,6s,two_tone,unpaired,broadway,2,1,false,12
Jh,8s,7s,two_tone,unpaired,broadway,2,0,true,12
Jh,9s,2s,two_tone,unpaired,broadway,1,6,false,12
Jh,9s,3s,two_tone,unpaired,broadway,1,5,false,12
Jh,9s,4s,two_tone,unpaired,broadway,1,4,false,12
Jh,9s,5s,two_tone,unpaired,broadway,1,3,false,12
Jh,9s,6s,two_tone,unpaired,broadway,1,2,false,12
Jh,9s,7s,two_tone,unpaired,broadway,1,1,true,12
Jh,9s,8s,two_tone,unpaired,broadway,1,0,true,12
Jh,Ts,2s,two_tone,unpaired,broadway,0,7,false,12
Jh,Ts,3s,two_tone,unpaired,broadway,0,6,false,12
Jh,Ts,4s,two_tone,unpaired,broadway,0,5,false,12
Jh,Ts,5s,two_tone,unpaired,broadway,0,4,false,12
Jh,Ts,6s,two_tone,unpaired,broadway,0,3,false,12
Jh,Ts,7s,two_tone,unpaired,broadway,0,2,true,12
Jh,Ts,8s,two_tone,unpaired,broadway,0,1,true,12
Jh,Ts,9s,two_tone,unpaired,broadway,0,0,true,12
Qs,2s,2h,two_tone,paired,broadway,9,0,false,12
Qs,2h,2d,rainbow,paired,broadway,9,0,false,12
Qs,3s,2s,monotone,unpaired,broadway,8,0,false,4
Qs,3s,2h,two_tone,unpaired,broadway,8,0,false,12
Qs,3s,3h,two_tone,paired,broadway,8,0,false,12
Qs,3h,2s,two_tone,unpaired,broadway,8,0,false,12
Qs,3h,2d,rainbow,unpaired,broadway,8,0,false,24
Qs,3h,3d,rainbow,paired,broadway,8,0,false,12
Qs,4s,2s,monotone,unpaired,broadway,7,1,false,4
Qs,4s,2h,two_tone,unpaired,broadway,7,1,false,12
Qs,4s,3s,monotone,unpaired,broadway,7,0,false,4
Qs,4s,3h,two_tone,unpaired,broadway,7,0,false,12
Qs,4s,4h,two_tone,paired,broadway,7,0,false,12
Qs,4h,2s,two_tone,unpaired,broadway,7,1,false,12
Qs,4h,2d,rainbow,unpaired,broadway,7,1,false,24
Qs,4h,3s,two_tone,unpaired,broadway,7,0,false,12
Qs,4h,3d,rainbow,unpaired,broadway,7,0,false,24
Qs,4h,4d,rainbow,paired,broadway,7,0,false,12
Qs,5s,2s,monotone,unpaired,broadway,6,2,false,4
Qs,5s,2h,two_tone,unpaired,broadway,6,2,false,12
Qs,5s,3s,monotone,unpaired,broadway,6,1,false,4
Qs,5s,3h,two_tone,unpaired,broadway,6,1,false,12
Qs,5s,4s,monotone,unpaired,broadway,6,0,false,4
Qs,5s,4h,two_tone,unpaired,broadway,6,0,false,12
Qs,5s,5h,two_tone,paired,broadway,6,0,false,12
Qs,5h,2s,two_tone,unpaired,broadway,6,2,false,12
Qs,5h,2d,rainbow,unpaired,broadway,6,2,false,24
Qs,5h,3s,two_tone,unpaired,broadway,6,1,false,12
Qs,5h,3d,rainbow,unpaired,broadway,6,1,false,24
Qs,5h,4s,two_tone,unpaired,broadway,6,0,false,12
Qs,5h,4d,rainbow,unpaired,broadway,6,0,false,24
Qs,5h,5d,rainbow,paired,broadway,6,0,false,12
Qs,6s,2s,monotone,unpaired,broadway,5,3,false,4
Qs,6s,2h,two_tone,unpaired,broadway,5,3,false,12
Qs,6s,3s,monotone,unpaired,broadway,5,2,false,4
Qs,6s,3h,two_tone,unpaired,broadway,5,2,false,12
Qs,6s,4s,monotone,unpaired,broadway,5,1,false,4
Qs,6s,4h,two_tone,unpaired,broadway,5,1,false,12
Qs,6s,5s,monotone,unpaired,broadway,5,0,false,4
Qs,6s,5h,two_tone,unpaired,broadway,5,0,false,12
Qs,6s,6h,two_tone,paired,broadway,5,0,false,12
Qs,6h,2s,two_tone,unpaired,broadway,5,3,false,12
Qs,6h,2d,rainbow,unpaired,broadway,5,3,false,24
Qs,6h,3s,two_tone,unpaired,broadway,5,2,false,12
Qs,6h,3d,rainbow,unpaired,broadway,5,2,false,24
Qs,6h,4s,two_tone,unpaired,broadway,5,1,false,12
Qs,6h,4d,rainbow,unpaired,broadway,5,1,false,24
Qs,6h,5s,two_tone,unpaired,broadway,5,0,false,12
Qs,6h,5d,rainbow,unpaired,broadway,5,0,false,24
Qs,6h,6d,rainbow,paired,broadway,5,0,false,12
Qs,7s,2s,monotone,unpaired,broadway,4,4,false,4
Qs,7s,2h,two_tone,unpaired,broadway,4,4,false,12
Qs,7s,3s,monotone,unpaired,broadway,4,3,false,4
Qs,7s,3h,two_tone,unpaired,broadway,4,3,false,12
Qs,7s,4s,monotone,unpaired,broadway,4,2,false,4
Qs,7s,4h,two_tone,unpaired,broadway,4,2,false,12
Qs,7s,5s,monotone,unpaired,broadway,4,1,false,4
Qs,7s,5h,two_tone,unpaired,broadway,4,1,false,12
Qs,7s,6s,monotone,unpaired,broadway,4,0,false,4
Qs,7s,6h,two_tone,unpaired,broadway,4,0,false,12
Qs,7s,7h,two_tone,paired,broadway,4,0,false,12
Qs,7h,2s,two_tone,unpaired,broadway,4,4,false,12
Qs,7h,2d,rainbow,unpaired,broadway,4,4,false,24
Qs,7h,3s,two_tone,unpaired,broadway,4,3,false,12
Qs,7h,3d,rainbow,unpaired,broadway,4,3,false,24
Qs,7h,4s,two_tone,unpaired,broadway,4,2,false,12
Qs,7h,4d,rainbow,unpaired,broadway,4,2,false,24
Qs,7h,5s,two_tone,unpaired,broadway,4,1,false,12
Qs,7h,5d,rainbow,unpaired,broadway,4,1,false,24
Qs,7h,6s,two_tone,unpaired,broadway,4,0,false,12
Qs,7h,6d,rainbow,unpaired,broadway,4,0,false,24
Qs,7h,7d,rainbow,paired,broadway,4,0,false,12
Qs,8s,2s,monotone,unpaired,broadway,3,5,false,4
Qs,8s,2h,two_tone,unpaired,broadway,3,5,false,12
Qs,8s,3s,monotone,unpaired,broadway,3,4,false,4
Qs,8s,3h,two_tone,unpaired,broadway,3,4,false,12
Qs,8s,4s,monotone,unpaired,broadway,3,3,false,4
Qs,8s,4h,two_tone,unpaired,broadway,3,3,false,12
Qs,8s,5s,monotone,unpaired,broadway,3,2,false,4
Qs,8s,5h,two_tone,unpaired,broadway,3,2,false,12
Qs,8s,6s,monotone,unpaired,broadway,3,1,false,4
Qs,8s,6h,two_tone,unpaired,broadway,3,1,false,12
Qs,8s,7s,monotone,unpaired,broadway,3,0,false,4
Qs,8s,7h,two_tone,unpaired,broadway,3,0,false,12
Qs,8s,8h,two_tone,paired,broadway,3,0,true,12
Qs,8h,2s,two_tone,unpaired,broadway,3,5,false,12
Qs,8h,2d,rainbow,unpaired,broadway,3,5,false,24
Qs,8h,3s,two_tone,unpaired,broadway,3,4,false,12
Qs,8h,3d,rainbow,unpaired,broadway,3,4,false,24
Qs,8h,4s,two_tone,unpaired,broadway,3,3,false,12
Qs,8h,4d,rainbow,unpaired,broadway,3,3,false,24
Qs,8h,5s,two_tone,unpaired,broadway,3,2,false,12
Qs,8h,5d,rainbow,unpaired,broadway,3,2,false,24
Qs,8h,6s,two_tone,unpaired,broadway,3,1,false,12
Qs,8h,6d,rainbow,unpaired,broadway,3,1,false,24
Qs,8h,7s,two_tone,unpaired,broadway,3,0,false,12
Qs,8h,7d,rainbow,unpaired,broadway,3,0,false,24
Qs,8h,8d,rainbow,paired,broadway,3,0,true,12
Qs,9s,2s,monotone,unpaired,broadway,2,6,false,4
Qs,9s,2h,two_tone,unpaired,broadway,2,6,false,12
Qs,9s,3s,monotone,unpaired,broadway,2,5,false,4
Qs,9s,3h,two_tone,unpaired,broadway,2,5,false,12
Qs,9s,4s,monotone,unpaired,broadway,2,4,false,4
Qs,9s,4h,two_tone,unpaired,broadway,2,4,false,12
Qs,9s,5s,monotone,unpaired,broadway,2,3,false,4
Qs,9s,5h,two_tone,unpaired,broadway,2,3,false,12
Qs,9s,6s,monotone,unpaired,broadway,2,2,false,4
Qs,9s,6h,two_tone,unpaired,broadway,2,2,false,12
Qs,9s,7s,monotone,unpaired,broadway,2,1,false,4
Qs,9s,7h,two_tone,unpaired,broadway,2,1,false,12
Qs,9s,8s,monotone,unpaired,broadway,2,0,true,4
Qs,9s,8h,two_tone,unpaired,broadway,2,0,true,12
Qs,9s,9h,two_tone,paired,broadway,2,0,true,12
Qs,9h,2s,two_tone,unpaired,broadway,2,6,false,12
Qs,9h,2d,rainbow,unpaired,broadway,2,6,false,24
Qs,9h,3s,two_tone,unpaired,broadway,2,5,false,12
Qs,9h,3d,rainbow,unpaired,broadway,2,5,false,24
Qs,9h,4s,two_tone,unpaired,broadway,2,4,false,12
Qs,9h,4d,rainbow,unpaired,broadway,2,4,false,24
Qs,9h,5s,two_tone,unpaired,broadway,2,3,false,12
Qs,9h,5d,rainbow,unpaired,broadway,2,3,false,24
Qs,9h,6s,two_tone,unpaired,broadway,2,2,false,12
Qs,9h,6d,rainbow,unpaired,broadway,2,2,false,24
Qs,9h,7s,two_tone,unpaired,broadway,2,1,false,12
Qs,9h,7d,rainbow,unpaired,broadway,2,1,false,24
Qs,9h,8s,two_tone,unpaired,broadway,2,0,true,12
Qs,9h,8d,rainbow,unpaired,broadway,2,0,true,24
Qs,9h,9d,rainbow,paired,broadway,2,0,true,12
Qs,Ts,2s,monotone,unpaired,broadway,1,7,false,4
Qs,Ts,2h,two_tone,unpaired,broadway,1,7,false,12
Qs,Ts,3s,monotone,unpaired,broadway,1,6,false,4
Qs,Ts,3h,two_tone,unpaired,broadway,1,6,false,12
Qs,Ts,4s,monotone,unpaired,broadway,1,5,false,4
Qs,Ts,4h,two_tone,unpaired,broadway,1,5,false,12
Qs,Ts,5s,monotone,unpaired,broadway,1,4,false,4
Qs,Ts,5h,two_tone,unpaired,broadway,1,4,false,12
Qs,Ts,6s,monotone,unpaired,broadway,1,3,false,4
Qs,Ts,6h,two_tone,unpaired,broadway,1,3,false,12
Qs,Ts,7s,monotone,unpaired,broadway,1,2,false,4
Qs,Ts,7h,two_tone,unpaired,broadway,1,2,false,12
Qs,Ts,8s,monotone,unpaired,broadway,1,1,true,4
Qs,Ts,8h,two_tone,unpaired,broadway,1,1,true,12
Qs,Ts,9s,monotone,unpaired,broadway,1,0,true,4
Qs,Ts,9h,two_tone,unpaired,broadway,1,0,true,12
Qs,Ts,Th,two_tone,paired,broadway,1,0,true,12
Qs,Th,2s,two_tone,unpaired,broadway,1,7,false,12
Qs,Th,2d,rainbow,unpaired,broadway,1,7,false,24
Qs,Th,3s,two_tone,unpaired,broadway,1,6,false,12
Qs,Th,3d,rainbow,unpaired,broadway,1,6,false,24
Qs,Th,4s,two_tone,unpaired,broadway,1,5,false,12
Qs,Th,4d,rainbow,unpaired,broadway,1,5,false,24
Qs,Th,5s,two_tone,unpaired,broadway,1,4,false,12
Qs,Th,5d,rainbow,unpaired,broadway,1,4,false,24
Qs,Th,6s,two_tone,unpaired,broadway,1,3,false,12
Qs,Th,6d,rainbow,unpaired,broadway,1,3,false,24
Qs,Th,7s,two_tone,unpaired,broadway,1,2,false,12
Qs,Th,7d,rainbow,unpaired,broadway,1,2,false,24
Qs,Th,8s,two_tone,unpaired,broadway,1,1,true,12
Qs,Th,8d,rainbow,unpaired,broadway,1,1,true,24
Qs,Th,9s,two_tone,unpaired,broadway,1,0,true,12
Qs,Th,9d,rainbow,unpaired,broadway,1,0,true,24
Qs,Th,Td,rainbow,paired,broadway,1,0,true,12
Qs,Js,2s,monotone,unpaired,broadway,0,8,false,4
Qs,Js,2h,two_tone,unpaired,broadway,0,8,false,12
Qs,Js,3s,monotone,unpaired,broadway,0,7,false,4
Qs,Js,3h,two_tone,unpaired,broadway,0,7,false,12
Qs,Js,4s,monotone,unpaired,broadway,0,6,false,4
Qs,Js,4h,two_tone,unpaired,broadway,0,6,false,12
Qs,Js,5s,monotone,unpaired,broadway,0,5,false,4
Qs,Js,5h,two_tone,unpaired,broadway,0,5,false,12
Qs,Js,6s,monotone,unpaired,broadway,0,4,false,4
Qs,Js,6h,two_tone,unpaired,broadway,0,4,false,12
Qs,Js,7s,monotone,unpaired,broadway,0,3,false,4
Qs,Js,7h,two_tone,unpaired,broadway,0,3,false,12
Qs,Js,8s,monotone,unpaired,broadway,0,2,true,4
Qs,Js,8h,two_tone,unpaired,broadway,0,2,true,12
Qs,Js,9s,monotone,unpaired,broadway,0,1,true,4
Qs,Js,9h,two_tone,unpaired,broadway,0,1,true,12
Qs,Js,Ts,monotone,unpaired,broadway,0,0,true,4
Qs,Js,Th,two_tone,unpaired,broadway,0,0,true,12
Qs,Js,Jh,two_tone,paired,broadway,0,0,true,12
Qs,Jh,2s,two_tone,unpaired,broadway,0,8,false,12
Qs,Jh,2d,rainbow,unpaired,broadway,0,8,false,24
Qs,Jh,3s,two_tone,unpaired,broadway,0,7,false,12
Qs,Jh,3d,rainbow,unpaired,broadway,0,7,false,24
Qs,Jh,4s,two_tone,unpaired,broadway,0,6,false,12
Qs,Jh,4d,rainbow,unpaired,broadway,0,6,false,24
Qs,Jh,5s,two_tone,unpaired,broadway,0,5,false,12
Qs,Jh,5d,rainbow,unpaired,broadway,0,5,false,24
Qs,Jh,6s,two_tone,unpaired,broadway,0,4,false,12
Qs,Jh,6d,rainbow,unpaired,broadway,0,4,false,24
Qs,Jh,7s,two_tone,unpaired,broadway,0,3,false,12
Qs,Jh,7d,rainbow,unpaired,broadway,0,3,false,24
Qs,Jh,8s,two_tone,unpaired,broadway,0,2,true,12
Qs,Jh,8d,rainbow,unpaired,broadway,0,2,true,24
Qs,Jh,9s,two_tone,unpaired,broadway,0,1,true,12
Qs,Jh,9d,rainbow,unpaired,broadway,0,1,true,24
Qs,Jh,Ts,two_tone,unpaired,broadway,0,0,true,12
Qs,Jh,Td,rainbow,unpaired,broadway,0,0,true,24
Qs,Jh,Jd,rainbow,paired,broadway,0,0,true,12
Qs,Qh,2s,two_tone,paired,broadway,9,0,false,12
Qs,Qh,2d,rainbow,paired,broadway,9,0,false,12
Qs,Qh,3s,two_tone,paired,broadway,8,0,false,12
Qs,Qh,3d,rainbow,paired,broadway,8,0,false,12
Qs,Qh,4s,two_tone,paired,broadway,7,0,false,12
Qs,Qh,4d,rainbow,paired,broadway,7,0,false,12
Qs,Qh,5s,two_tone,paired,broadway,6,0,false,12
Qs,Qh,5d,rainbow,paired,broadway,6,0,false,12
Qs,Qh,6s,two_tone,paired,broadway,5,0,false,12
Qs,Qh,6d,rainbow,paired,broadway,5,0,false,12
Qs,Qh,7s,two_tone,paired,broadway,4,0,false,12
Qs,Qh,7d,rainbow,paired,broadway,4,0,false,12
Qs,Qh,8s,two_tone,paired,broadway,3,0,true,12
Qs,Qh,8d,rainbow,paired,broadway,3,0,true,12
Qs,Qh,9s,two_tone,paired,broadway,2,0,true,12
Qs,Qh,9d,rainbow,paired,broadway,2,0,true,12
Qs,Qh,Ts,two_tone,paired,broadway,1,0,true,12
Qs,Qh,Td,rainbow,paired,broadway,1,0,true,12
Qs,Qh,Js,two_tone,paired,broadway,0,0,true,12
Qs,Qh,Jd,rainbow,paired,broadway,0,0,true,12
Qs,Qh,Qd,rainbow,trips,broadway,0,0,true,4
Qh,3s,2s,two_tone,unpaired,broadway,8,0,false,12
Qh,4s,2s,two_tone,unpaired,broadway,7,1,false,12
Qh,4s,3s,two_tone,unpaired,broadway,7,0,false,12
Qh,5s,2s,two_tone,unpaired,broadway,6,2,false,12
Qh,5s,3s,two_tone,unpaired,broadway,6,1,false,12
Qh,5s,4s,two_tone,unpaired,broadway,6,0,false,12
Qh,6s,2s,two_tone,unpaired,broadway,5,3,false,12
Qh,6s,3s,two_tone,unpaired,broadway,5,2,false,12
Qh,6s,4s,two_tone,unpaired,broadway,5,1,false,12
Qh,6s,5s,two_tone,unpaired,broadway,5,0,false,12
Qh,7s,2s,two_tone,unpaired,broadway,4,4,false,12
Qh,7s,3s,two_tone,unpaired,broadway,4,3,false,12
Qh,7s,4s,two_tone,unpaired,broadway,4,2,false,12
Qh,7s,5s,two_tone,unpaired,broadway,4,1,false,12
Qh,7s,6s,two_tone,unpaired,broadway,4,0,false,12
Qh,8s,2s,two_tone,unpaired,broadway,3,5,false,12
Qh,8s,3s,two_tone,unpaired,broadway,3,4,false,12
Qh,8s,4s,two_tone,unpaired,broadway,3,3,false,12
Qh,8s,5s,two_tone,unpaired,broadway,3,2,false,12
Qh,8s,6s,two_tone,unpaired,broadway,3,1,false,12
Qh,8s,7s,two_tone,unpaired,broadway,3,0,false,12
Qh,9s,2s,two_tone,unpaired,broadway,2,6,false,12
Qh,9s,3s,two_tone,unpaired,broadway,2,5,false,12
Qh,9s,4s,two_tone,unpaired,broadway,2,4,false,12
Qh,9s,5s,two_tone,unpaired,broadway,2,3,false,12
Qh,9s,6s,two_tone,unpaired,broadway,2,2,false,12
Qh,9s,7s,two_tone,unpaired,broadway,2,1,false,12
Qh,9s,8s,two_tone,unpaired,broadway,2,0,true,12
Qh,Ts,2s,two_tone,unpaired,broadway,1,7,false,12
Qh,Ts,3s,two_tone,unpaired,broadway,1,6,false,12
Qh,Ts,4s,two_tone,unpaired,broadway,1,5,false,12
Qh,Ts,5s,two_tone,unpaired,broadway,1,4,false,12
Qh,Ts,6s,two_tone,unpaired,broadway,1,3,false,12
Qh,Ts,7s,two_tone,unpaired,broadway,1,2,false,12
Qh,Ts,8s,two_tone,unpaired,broadway,1,1,true,12
Qh,Ts,9s,two_tone,unpaired,broadway,1,0,true,12
Qh,Js,2s,two_tone,unpaired,broadway,0,8,false,12
Qh,Js,3s,two_tone,unpaired,broadway,0,7,false,12
Qh,Js,4s,two_tone,unpaired,broadway,0,6,false,12
Qh,Js,5s,two_tone,unpaired,broadway,0,5,false,12
Qh,Js,6s,two_tone,unpaired,broadway,0,4,false,12
Qh,Js,7s,two_tone,unpaired,broadway,0,3,false,12
Qh,Js,8s,two_tone,unpaired,broadway,0,2,true,12
Qh,Js,9s,two_tone,unpaired,broadway,0,1,true,12
Qh,Js,Ts,two_tone,unpaired,broadway,0,0,true,12
Ks,2s,2h,two_tone,paired,broadway,10,0,false,12
Ks,2h,2d,rainbow,paired,broadway,10,0,false,12
Ks,3s,2s,monotone,unpaired,broadway,9,0,false,4
Ks,3s,2h,two_tone,unpaired,broadway,9,0,false,12
Ks,3s,3h,two_tone,paired,broadway,9,0,false,12
Ks,3h,2s,two_tone,unpaired,broadway,9,0,false,12
Ks,3h,2d,rainbow,unpaired,broadway,9,0,false,24
Ks,3h,3d,rainbow,paired,broadway,9,0,false,12
Ks,4s,2s,monotone,unpaired,broadway,8,1,false,4
Ks,4s,2h,two_tone,unpaired,broadway,8,1,false,12
Ks,4s,3s,monotone,unpaired,broadway,8,0,false,4
Ks,4s,3h,two_tone,unpaired,broadway,8,0,false,12
Ks,4s,4h,two_tone,paired,broadway,8,0,false,12
Ks,4h,2s,two_tone,unpaired,broadway,8,1,false,12
Ks,4h,2d,rainbow,unpaired,broadway,8,1,false,24
Ks,4h,3s,two_tone,unpaired,broadway,8,0,false,12
Ks,4h,3d,rainbow,unpaired,broadway,8,0,false,24
Ks,4h,4d,rainbow,paired,broadway,8,0,false,12
Ks,5s,2s,monotone,unpaired,broadway,7,2,false,4
Ks,5s,2h,two_tone,unpaired,broadway,7,2,false,12
Ks,5s,3s,monotone,unpaired,broadway,7,1,false,4
Ks,5s,3h,two_tone,unpaired,broadway,7,1,false,12
Ks,5s,4s,monotone,unpaired,broadway,7,0,false,4
Ks,5s,4h,two_tone,unpaired,broadway,7,0,false,12
Ks,5s,5h,two_tone,paired,broadway,7,0,false,12
Ks,5h,2s,two_tone,unpaired,broadway,7,2,false,12
Ks,5h,2d,rainbow,unpaired,broadway,7,2,false,24
Ks,5h,3s,two_tone,unpaired,broadway,7,1,false,12
Ks,5h,3d,rainbow,unpaired,broadway,7,1,false,24
Ks,5h,4s,two_tone,unpaired,broadway,7,0,false,12
Ks,5h,4d,rainbow,unpaired,broadway,7,0,false,24
Ks,5h,5d,rainbow,paired,broadway,7,0,false,12
Ks,6s,2s,monotone,unpaired,broadway,6,3,false,4
Ks,6s,2h,two_tone,unpaired,broadway,6,3,false,12
Ks,6s,3s,monotone,unpaired,broadway,6,2,false,4
Ks,6s,3h,two_tone,unpaired,broadway,6,2,false,12
Ks,6s,4s,monotone,unpaired,broadway,6,1,false,4
Ks,6s,4h,two_tone,unpaired,broadway,6,1,false,12
Ks,6s,5s,monotone,unpaired,broadway,6,0,false,4
Ks,6s,5h,two_tone,unpaired,broadway,6,0,false,12
Ks,6s,6h,two_tone,paired,broadway,6,0,false,12
Ks,6h,2s,two_tone,unpaired,broadway,6,3,false,12
Ks,6h,2d,rainbow,unpaired,broadway,6,3,false,24
Ks,6h,3s,two_tone,unpaired,broadway,6,2,false,12
Ks,6h,3d,rainbow,unpaired,broadway,6,2,false,24
Ks,6h,4s,two_tone,unpaired,broadway,6,1,false,12
Ks,6h,4d,rainbow,unpaired,broadway,6,1,false,24
Ks,6h,5s,two_tone,unpaired,broadway,6,0,false,12
Ks,6h,5d,rainbow,unpaired,broadway,6,0,false,24
Ks,6h,6d,rainbow,paired,broadway,6,0,false,12
Ks,7s,2s,monotone,unpaired,broadway,5,4,false,4
Ks,7s,2h,two_tone,unpaired,broadway,5,4,false,12
Ks,7s,3s,monotone,unpaired,broadway,5,3,false,4
Ks,7s,3h,two_tone,unpaired,broadway,5,3,false,12
Ks,7s,4s,monotone,unpaired,broadway,5,2,false,4
Ks,7s,4h,two_tone,unpaired,broadway,5,2,false,12
Ks,7s,5s,monotone,unpaired,broadway,5,1,false,4
Ks,7s,5h,two_tone,unpaired,broadway,5,1,false,12
Ks,7s,6s,monotone,unpaired,broadway,5,0,false,4
Ks,7s,6h,two_tone,unpaired,broadway,5,0,false,12
Ks,7s,7h,two_tone,paired,broadway,5,0,false,12
Ks,7h,2s,two_tone,unpaired,broadway,5,4,false,12
Ks,7h,2d,rainbow,unpaired,broadway,5,4,false,24
Ks,7h,3s,two_tone,unpaired,broadway,5,3,false,12
Ks,7h,3d,rainbow,unpaired,broadway,5,3,false,24
Ks,7h,4s,two_tone,unpaired,broadway,5,2,false,12
Ks,7h,4d,rainbow,unpaired,broadway,5,2,false,24
Ks,7h,5s,two_tone,unpaired,broadway,5,1,false,12
Ks,7h,5d,rainbow,unpaired,broadway,5,1,false,24
Ks,7h,6s,two_tone,unpaired,broadway,5,0,false,12
Ks,7h,6d,rainbow,unpaired,broadway,5,0,false,24
Ks,7h,7d,rainbow,paired,broadway,5,0,false,12
Ks,8s,2s,monotone,unpaired,broadway,4,5,false,4
Ks,8s,2h,two_tone,unpaired,broadway,4,5,false,12
Ks,8s,3s,monotone,unpaired,broadway,4,4,false,4
Ks,8s,3h,two_tone,unpaired,broadway,4,4,false,12
Ks,8s,4s,monotone,unpaired,broadway,4,3,false,4
Ks,8s,4h,two_tone,unpaired,broadway,4,3,false,12
Ks,8s,5s,monotone,unpaired,broadway,4,2,false,4
Ks,8s,5h,two_tone,unpaired,broadway,4,2,false,12
Ks,8s,6s,monotone,unpaired,broadway,4,1,false,4
Ks,8s,6h,two_tone,unpaired,broadway,4,1,false,12
Ks,8s,7s,monotone,unpaired,broadway,4,0,false,4
Ks,8s,7h,two_tone,unpaired,broadway,4,0,false,12
Ks,8s,8h,two_tone,paired,broadway,4,0,false,12
Ks,8h,2s,two_tone,unpaired,broadway,4,5,false,12
Ks,8h,2d,rainbow,unpaired,broadway,4,5,false,24
Ks,8h,3s,two_tone,unpaired,broadway,4,4,false,12
Ks,8h,3d,rainbow,unpaired,broadway,4,4,false,24
Ks,8h,4s,two_tone,unpaired,broadway,4,3,false,12
Ks,8h,4d,rainbow,unpaired,broadway,4,3,false,24
Ks,8h,5s,two_tone,unpaired,broadway,4,2,false,12
Ks,8h,5d,rainbow,unpaired,broadway,4,2,false,24
Ks,8h,6s,two_tone,unpaired,broadway,4,1,false,12
Ks,8h,6d,rainbow,unpaired,broadway,4,1,false,24
Ks,8h,7s,two_tone,unpaired,broadway,4,0,false,12
Ks,8h,7d,rainbow,unpaired,broadway,4,0,false,24
Ks,8h,8d,rainbow,paired,broadway,4,0,false,12
Ks,9s,2s,monotone,unpaired,broadway,3,6,false,4
Ks,9s,2h,two_tone,unpaired,broadway,3,6,false,12
Ks,9s,3s,monotone,unpaired,broadway,3,5,false,4
Ks,9s,3h,two_tone,unpaired,broadway,3,5,false,12
Ks,9s,4s,monotone,unpaired,broadway,3,4,false,4
Ks,9s,4h,two_tone,unpaired,broadway,3,4,false,12
Ks,9s,5s,monotone,unpaired,broadway,3,3,false,4
Ks,9s,5h,two_tone,unpaired,broadway,3,3,false,12
Ks,9s,6s,monotone,unpaired,broadway,3,2,false,4
Ks,9s,6h,two_tone,unpaired,broadway,3,2,false,12
Ks,9s,7s,monotone,unpaired,broadway,3,1,false,4
Ks,9s,7h,two_tone,unpaired,broadway,3,1,false,12
Ks,9s,8s,monotone,unpaired,broadway,3,0,false,4
Ks,9s,8h,two_tone,unpaired,broadway,3,0,false,12
Ks,9s,9h,two_tone,paired,broadway,3,0,true,12
Ks,9h,2s,two_tone,unpaired,broadway,3,6,false,12
Ks,9h,2d,rainbow,unpaired,broadway,3,6,false,24
Ks,9h,3s,two_tone,unpaired,broadway,3,5,false,12
Ks,9h,3d,rainbow,unpaired,broadway,3,5,false,24
Ks,9h,4s,two_tone,unpaired,broadway,3,4,false,12
Ks,9h,4d,rainbow,unpaired,broadway,3,4,false,24
Ks,9h,5s,two_tone,unpaired,broadway,3,3,false,12
Ks,9h,5d,rainbow,unpaired,broadway,3,3,false,24
Ks,9h,6s,two_tone,unpaired,broadway,3,2,false,12
Ks,9h,6d,rainbow,unpaired,broadway,3,2,false,24
Ks,9h,7s,two_tone,unpaired,broadway,3,1,false,12
Ks,9h,7d,rainbow,unpaired,broadway,3,1,false,24
Ks,9h,8s,two_tone,unpaired,broadway,3,0,false,12
Ks,9h,8d,rainbow,unpaired,broadway,3,0,false,24
Ks,9h,9d,rainbow,paired,broadway,3,0,true,12
Ks,Ts,2s,monotone,unpaired,broadway,2,7,false,4
Ks,Ts,2h,two_tone,unpaired,broadway,2,7,false,12
Ks,Ts,3s,monotone,unpaired,broadway,2,6,false,4
Ks,Ts,3h,two_tone,unpaired,broadway,2,6,false,12
Ks,Ts,4s,monotone,unpaired,broadway,2,5,false,4
Ks,Ts,4h,two_tone,unpaired,broadway,2,5,false,12
Ks,Ts,5s,monotone,unpaired,broadway,2,4,false,4
Ks,Ts,5h,two_tone,unpaired,broadway,2,4,false,12
Ks,Ts,6s,monotone,unpaired,broadway,2,3,false,4
Ks,Ts,6h,two_tone,unpaired,broadway,2,3,false,12
Ks,Ts,7s,monotone,unpaired,broadway,2,2,false,4
Ks,Ts,7h,two_tone,unpaired,broadway,2,2,false,12
Ks,Ts,8s,monotone,unpaired,broadway,2,1,false,4
Ks,Ts,8h,two_tone,unpaired,broadway,2,1,false,12
Ks,Ts,9s,monotone,unpaired,broadway,2,0,true,4
Ks,Ts,9h,two_tone,unpaired,broadway,2,0,true,12
Ks,Ts,Th,two_tone,paired,broadway,2,0,true,12
Ks,Th,2s,two_tone,unpaired,broadway,2,7,false,12
Ks,Th,2d,rainbow,unpaired,broadway,2,7,false,24
Ks,Th,3s,two_tone,unpaired,broadway,2,6,false,12
Ks,Th,3d,rainbow,unpaired,broadway,2,6,false,24
Ks,Th,4s,two_tone,unpaired,broadway,2,5,false,12
Ks,Th,4d,rainbow,unpaired,broadway,2,5,false,24
Ks,Th,5s,two_tone,unpaired,broadway,2,4,false,12
Ks,Th,5d,rainbow,unpaired,broadway,2,4,false,24
Ks,Th,6s,two_tone,unpaired,broadway,2,3,false,12
Ks,Th,6d,rainbow,unpaired,broadway,2,3,false,24
Ks,Th,7s,two_tone,unpaired,broadway,2,2,false,12
Ks,Th,7d,rainbow,unpaired,broadway,2,2,false,24
Ks,Th,8s,two_tone,unpaired,broadway,2,1,false,12
Ks,Th,8d,rainbow,unpaired,broadway,2,1,false,24
Ks,Th,9s,two_tone,unpaired,broadway,2,0,true,12
Ks,Th,9d,rainbow,unpaired,broadway,2,0,true,24
Ks,Th,Td,rainbow,paired,broadway,2,0,true,12
Ks,Js,2s,monotone,unpaired,broadway,1,8,false,4
Ks,Js,2h,two_tone,unpaired,broadway,1,8,false,12
Ks,Js,3s,monotone,unpaired,broadway,1,7,false,4
Ks,Js,3h,two_tone,unpaired,broadway,1,7,false,12
Ks,Js,4s,monotone,unpaired,broadway,1,6,false,4
Ks,Js,4h,two_tone,unpaired,broadway,1,6,false,12
Ks,Js,5s,monotone,unpaired,broadway,1,5,false,4
Ks,Js,5h,two_tone,unpaired,broadway,1,5,false,12
Ks,Js,6s,monotone,unpaired,broadway,1,4,false,4
Ks,Js,6h,two_tone,unpaired,broadway,1,4,false,12
Ks,Js,7s,monotone,unpaired,broadway,1,3,false,4
Ks,Js,7h,two_tone,unpaired,broadway,1,3,false,12
Ks,Js,8s,monotone,unpaired,broadway,1,2,false,4
Ks,Js,8h,two_tone,unpaired,broadway,1,2,false,12
Ks,Js,9s,monotone,unpaired,broadway,1,1,true,4
Ks,Js,9h,two_tone,unpaired,broadway,1,1,true,12
Ks,Js,Ts,monotone,unpaired,broadway,1,0,true,4
Ks,Js,Th,two_tone,unpaired,broadway,1,0,true,12
Ks,Js,Jh,two_tone,paired,broadway,1,0,true,12
Ks,Jh,2s,two_tone,unpaired,broadway,1,8,false,12
Ks,Jh,2d,rainbow,unpaired,broadway,1,8,false,24
Ks,Jh,3s,two_tone,unpaired,broadway,1,7,false,12
Ks,Jh,3d,rainbow,unpaired,broadway,1,7,false,24
Ks,Jh,4s,two_tone,unpaired,broadway,1,6,false,12
Ks,Jh,4d,rainbow,unpaired,broadway,1,6,false,24
Ks,Jh,5s,two_tone,unpaired,broadway,1,5,false,12
Ks,Jh,5d,rainbow,unpaired,broadway,1,5,false,24
Ks,Jh,6s,two_tone,unpaired,broadway,1,4,false,12
Ks,Jh,6d,rainbow,unpaired,broadway,1,4,false,24
Ks,Jh,7s,two_tone,unpaired,broadway,1,3,false,12
Ks,Jh,7d,rainbow,unpaired,broadway,1,3,false,24
Ks,Jh,8s,two_tone,unpaired,broadway,1,2,false,12
Ks,Jh,8d,rainbow,unpaired,broadway,1,2,false,24
Ks,Jh,9s,two_tone,unpaired,broadway,1,1,true,12
Ks,Jh,9d,rainbow,unpaired,broadway,1,1,true,24
Ks,Jh,Ts,two_tone,unpaired,broadway,1,0,true,12
Ks,Jh,Td,rainbow,unpaired,broadway,1,0,true,24
Ks,Jh,Jd,rainbow,paired,broadway,1,0,true,12
Ks,Qs,2s,monotone,unpaired,broadway,0,9,false,4
Ks,Qs,2h,two_tone,unpaired,broadway,0,9,false,12
Ks,Qs,3s,monotone,unpaired,broadway,0,8,false,4
Ks,Qs,3h,two_tone,unpaired,broadway,0,8,false,12
Ks,Qs,4s,monotone,unpaired,broadway,0,7,false,4
Ks,Qs,4h,two_tone,unpaired,broadway,0,7,false,12
Ks,Qs,5s,monotone,unpaired,broadway,0,6,false,4
Ks,Qs,5h,two_tone,unpaired,broadway,0,6,false,12
Ks,Qs,6s,monotone,unpaired,broadway,0,5,false,4
Ks,Qs,6h,two_tone,unpaired,broadway,0,5,false,12
Ks,Qs,7s,monotone,unpaired,broadway,0,4,false,4
Ks,Qs,7h,two_tone,unpaired,broadway,0,4,false,12
Ks,Qs,8s,monotone,unpaired,broadway,0,3,false,4
Ks,Qs,8h,two_tone,unpaired,broadway,0,3,false,12
Ks,Qs,9s,monotone,unpaired,broadway,0,2,true,4
Ks,Qs,9h,two_tone,unpaired,broadway,0,2,true,12
Ks,Qs,Ts,monotone,unpaired,broadway,0,1,true,4
Ks,Qs,Th,two_tone,unpaired,broadway,0,1,true,12
Ks,Qs,Js,monotone,unpaired,broadway,0,0,true,4
Ks,Qs,Jh,two_tone,unpaired,broadway,0,0,true,12
Ks,Qs,Qh,two_tone,paired,broadway,0,0,true,12
Ks,Qh,2s,two_tone,unpaired,broadway,0,9,false,12
Ks,Qh,2d,rainbow,unpaired,broadway,0,9,false,24
Ks,Qh,3s,two_tone,unpaired,broadway,0,8,false,12
Ks,Qh,3d,rainbow,unpaired,broadway,0,8,false,24
Ks,Qh,4s,two_tone,unpaired,broadway,0,7,false,12
Ks,Qh,4d,rainbow,unpaired,broadway,0,7,false,24
Ks,Qh,5s,two_tone,unpaired,broadway,0,6,false,12
Ks,Qh,5d,rainbow,unpaired,broadway,0,6,false,24
Ks,Qh,6s,two_tone,unpaired,broadway,0,5,false,12
Ks,Qh,6d,rainbow,unpaired,broadway,0,5,false,24
Ks,Qh,7s,two_tone,unpaired,broadway,0,4,false,12
Ks,Qh,7d,rainbow,unpaired,broadway,0,4,false,24
Ks,Qh,8s,two_tone,unpaired,broadway,0,3,false,12
Ks,Qh,8d,rainbow,unpaired,broadway,0,3,false,24
Ks,Qh,9s,two_tone,unpaired,broadway,0,2,true,12
Ks,Qh,9d,rainbow,unpaired,broadway,0,2,true,24
Ks,Qh,Ts,two_tone,unpaired,broadway,0,1,true,12
Ks,Qh,Td,rainbow,unpaired,broadway,0,1,true,24
Ks,Qh,Js,two_tone,unpaired,broadway,0,0,true,12
Ks,Qh,Jd,rainbow,unpaired,broadway,0,0,true,24
Ks,Qh,Qd,rainbow,paired,broadway,0,0,true,12
Ks,Kh,2s,two_tone,paired,broadway,10,0,false,12
Ks,Kh,2d,rainbow,paired,broadway,10,0,false,12
Ks,Kh,3s,two_tone,paired,broadway,9,0,false,12
Ks,Kh,3d,rainbow,paired,broadway,9,0,false,12
Ks,Kh,4s,two_tone,paired,broadway,8,0,false,12
Ks,Kh,4d,rainbow,paired,broadway,8,0,false,12
Ks,Kh,5s,two_tone,paired,broadway,7,0,false,12
Ks,Kh,5d,rainbow,paired,broadway,7,0,false,12
Ks,Kh,6s,two_tone,paired,broadway,6,0,false,12
Ks,Kh,6d,rainbow,paired,broadway,6,0,false,12
Ks,Kh,7s,two_tone,paired,broadway,5,0,false,12
Ks,Kh,7d,rainbow,paired,broadway,5,0,false,12
Ks,Kh,8s,two_tone,paired,broadway,4,0,false,12
Ks,Kh,8d,rainbow,paired,broadway,4,0,false,12
Ks,Kh,9s,two_tone,paired,broadway,3,0,true,12
Ks,Kh,9d,rainbow,paired,broadway,3,0,true,12
Ks,Kh,Ts,two_tone,paired,broadway,2,0,true,12
Ks,Kh,Td,rainbow,paired,broadway,2,0,true,12
Ks,Kh,Js,two_tone,paired,broadway,1,0,true,12
Ks,Kh,Jd,rainbow,paired,broadway,1,0,true,12
Ks,Kh,Qs,two_tone,paired,broadway,0,0,true,12
Ks,Kh,Qd,rainbow,paired,broadway,0,0,true,12
Ks,Kh,Kd,rainbow,trips,broadway,0,0,true,4
Kh,3s,2s,two_tone,unpaired,broadway,9,0,false,12
Kh,4s,2s,two_tone,unpaired,broadway,8,1,false,12
Kh,4s,3s,two_tone,unpaired,broadway,8,0,false,12
Kh,5s,2s,two_tone,unpaired,broadway,7,2,false,12
Kh,5s,3s,two_tone,unpaired,broadway,7,1,false,12
Kh,5s,4s,two_tone,unpaired,broadway,7,0,false,12
Kh,6s,2s,two_tone,unpaired,broadway,6,3,false,12
Kh,6s,3s,two_tone,unpaired,broadway,6,2,false,12
Kh,6s,4s,two_tone,unpaired,broadway,6,1,false,12
Kh,6s,5s,two_tone,unpaired,broadway,6,0,false,12
Kh,7s,2s,two_tone,unpaired,broadway,5,4,false,12
Kh,7s,3s,two_tone,unpaired,broadway,5,3,false,12
Kh,7s,4s,two_tone,unpaired,broadway,5,2,false,12
Kh,7s,5s,two_tone,unpaired,broadway,5,1,false,12
Kh,7s,6s,two_tone,unpaired,broadway,5,0,false,12
Kh,8s,2s,two_tone,unpaired,broadway,4,5,false,12
Kh,8s,3s,two_tone,unpaired,broadway,4,4,false,12
Kh,8s,4s,two_tone,unpaired,broadway,4,3,false,12
Kh,8s,5s,two_tone,unpaired,broadway,4,2,false,12
Kh,8s,6s,two_tone,unpaired,broadway,4,1,false,12
Kh,8s,7s,two_tone,unpaired,broadway,4,0,false,12
Kh,9s,2s,two_tone,unpaired,broadway,3,6,false,12
Kh,9s,3s,two_tone,unpaired,broadway,3,5,false,12
Kh,9s,4s,two_tone,unpaired,broadway,3,4,false,12
Kh,9s,5s,two_tone,unpaired,broadway,3,3,false,12
Kh,9s,6s,two_tone,unpaired,broadway,3,2,false,12
Kh,9s,7s,two_tone,unpaired,broadway,3,1,false,12
Kh,9s,8s,two_tone,unpaired,broadway,3,0,false,12
Kh,Ts,2s,two_tone,unpaired,broadway,2,7,false,12
Kh,Ts,3s,two_tone,unpaired,broadway,2,6,false,12
Kh,Ts,4s,two_tone,unpaired,broadway,2,5,false,12
Kh,Ts,5s,two_tone,unpaired,broadway,2,4,false,12
Kh,Ts,6s,two_tone,unpaired,broadway,2,3,false,12
Kh,Ts,7s,two_tone,unpaired,broadway,2,2,false,12
Kh,Ts,8s,two_tone,unpaired,broadway,2,1,false,12
Kh,Ts,9s,two_tone,unpaired,broadway,2,0,true,12
Kh,Js,2s,two_tone,unpaired,broadway,1,8,false,12
Kh,Js,3s,two_tone,unpaired,broadway,1,7,false,12
Kh,Js,4s,two_tone,unpaired,broadway,1,6,false,12
Kh,Js,5s,two_tone,unpaired,broadway,1,5,false,12
Kh,Js,6s,two_tone,unpaired,broadway,1,4,false,12
Kh,Js,7s,two_tone,unpaired,broadway,1,3,false,12
Kh,Js,8s,two_tone,unpaired,broadway,1,2,false,12
Kh,Js,9s,two_tone,unpaired,broadway,1,1,true,12
Kh,Js,Ts,two_tone,unpaired,broadway,1,0,true,12
Kh,Qs,2s,two_tone,unpaired,broadway,0,9,false,12
Kh,Qs,3s,two_tone,unpaired,broadway,0,8,false,12
Kh,Qs,4s,two_tone,unpaired,broadway,0,7,false,12
Kh,Qs,5s,two_tone,unpaired,broadway,0,6,false,12
Kh,Qs,6s,two_tone,unpaired,broadway,0,5,false,12
Kh,Qs,7s,two_tone,unpaired,broadway,0,4,false,12
Kh,Qs,8s,two_tone,unpaired,broadway,0,3,false,12
Kh,Qs,9s,two_tone,unpaired,broadway,0,2,true,12
Kh,Qs,Ts,two_tone,unpaired,broadway,0,1,true,12
Kh,Qs,Js,two_tone,unpaired,broadway,0,0,true,12
As,2s,2h,two_tone,paired,broadway,11,0,true,12
As,2h,2d,rainbow,paired,broadway,11,0,true,12
As,3s,2s,monotone,unpaired,broadway,10,0,true,4
As,3s,2h,two_tone,unpaired,broadway,10,0,true,12
As,3s,3h,two_tone,paired,broadway,10,0,true,12
As,3h,2s,two_tone,unpaired,broadway,10,0,true,12
As,3h,2d,rainbow,unpaired,broadway,10,0,true,24
As,3h,3d,rainbow,paired,broadway,10,0,true,12
As,4s,2s,monotone,unpaired,broadway,9,1,true,4
As,4s,2h,two_tone,unpaired,broadway,9,1,true,12
As,4s,3s,monotone,unpaired,broadway,9,0,true,4
As,4s,3h,two_tone,unpaired,broadway,9,0,true,12
As,4s,4h,two_tone,paired,broadway,9,0,true,12
As,4h,2s,two_tone,unpaired,broadway,9,1,true,12
As,4h,2d,rainbow,unpaired,broadway,9,1,true,24
As,4h,3s,two_tone,unpaired,broadway,9,0,true,12
As,4h,3d,rainbow,unpaired,broadway,9,0,true,24
As,4h,4d,rainbow,paired,broadway,9,0,true,12
As,5s,2s,monotone,unpaired,broadway,8,2,true,4
As,5s,2h,two_tone,unpaired,broadway,8,2,true,12
As,5s,3s,monotone,unpaired,broadway,8,1,true,4
As,5s,3h,two_tone,unpaired,broadway,8,1,true,12
As,5s,4s,monotone,unpaired,broadway,8,0,true,4
As,5s,4h,two_tone,unpaired,broadway,8,0,true,12
As,5s,5h,two_tone,paired,broadway,8,0,true,12
As,5h,2s,two_tone,unpaired,broadway,8,2,true,12
As,5h,2d,rainbow,unpaired,broadway,8,2,true,24
As,5h,3s,two_tone,unpaired,broadway,8,1,true,12
As,5h,3d,rainbow,unpaired,broadway,8,1,true,24
As,5h,4s,two_tone,unpaired,broadway,8,0,true,12
As,5h,4d,rainbow,unpaired,broadway,8,0,true,24
As,5h,5d,rainbow,paired,broadway,8,0,true,12
As,6s,2s,monotone,unpaired,broadway,7,3,false,4
As,6s,2h,two_tone,unpaired,broadway,7,3,false,12
As,6s,3s,monotone,unpaired,broadway,7,2,false,4
As,6s,3h,two_tone,unpaired,broadway,7,2,false,12
As,6s,4s,monotone,unpaired,broadway,7,1,false,4
As,6s,4h,two_tone,unpaired,broadway,7,1,false,12
As,6s,5s,monotone,unpaired,broadway,7,0,false,4
As,6s,5h,two_tone,unpaired,broadway,7,0,false,12
As,6s,6h,two_tone,paired,broadway,7,0,false,12
As,6h,2s,two_tone,unpaired,broadway,7,3,false,12
As,6h,2d,rainbow,unpaired,broadway,7,3,false,24
As,6h,3s,two_tone,unpaired,broadway,7,2,false,12
As,6h,3d,rainbow,unpaired,broadway,7,2,false,24
As,6h,4s,two_tone,unpaired,broadway,7,1,false,12
As,6h,4d,rainbow,unpaired,broadway,7,1,false,24
As,6h,5s,two_tone,unpaired,broadway,7,0,false,12
As,6h,5d,rainbow,unpaired,broadway,7,0,false,24
As,6h,6d,rainbow,paired,broadway,7,0,false,12
As,7s,2s,monotone,unpaired,broadway,6,4,false,4
As,7s,2h,two_tone,unpaired,broadway,6,4,false,12
As,7s,3s,monotone,unpaired,broadway,6,3,false,4
As,7s,3h,two_tone,unpaired,broadway,6,3,false,12
As,7s,4s,monotone,unpaired,broadway,6,2,false,4
As,7s,4h,two_tone,unpaired,broadway,6,2,false,12
As,7s,5s,monotone,unpaired,broadway,6,1,false,4
As,7s,5h,two_tone,unpaired,broadway,6,1,false,12
As,7s,6s,monotone,unpaired,broadway,6,0,false,4
As,7s,6h,two_tone,unpaired,broadway,6,0,false,12
As,7s,7h,two_tone,paired,broadway,6,0,false,12
As,7h,2s,two_tone,unpaired,broadway,6,4,false,12
As,7h,2d,rainbow,unpaired,broadway,6,4,false,24
As,7h,3s,two_tone,unpaired,broadway,6,3,false,12
As,7h,3d,rainbow,unpaired,broadway,6,3,false,24
As,7h,4s,two_tone,unpaired,broadway,6,2,false,12
As,7h,4d,rainbow,unpaired,broadway,6,2,false,24
As,7h,5s,two_tone,unpaired,broadway,6,1,false,12
As,7h,5d,rainbow,unpaired,broadway,6,1,false,24
As,7h,6s,two_tone,unpaired,broadway,6,0,false,12
As,7h,6d,rainbow,unpaired,broadway,6,0,false,24
As,7h,7d,rainbow,paired,broadway,6,0,false,12
As,8s,2s,monotone,unpaired,broadway,5,5,false,4
As,8s,2h,two_tone,unpaired,broadway,5,5,false,12
As,8s,3s,monotone,unpaired,broadway,5,4,false,4
As,8s,3h,two_tone,unpaired,broadway,5,4,false,12
As,8s,4s,monotone,unpaired,broadway,5,3,false,4
As,8s,4h,two_tone,unpaired,broadway,5,3,false,12
As,8s,5s,monotone,unpaired,broadway,5,2,false,4
As,8s,5h,two_tone,unpaired,broadway,5,2,false,12
As,8s,6s,monotone,unpaired,broadway,5,1,false,4
As,8s,6h,two_tone,unpaired,broadway,5,1,false,12
As,8s,7s,monotone,unpaired,broadway,5,0,false,4
As,8s,7h,two_tone,unpaired,broadway,5,0,false,12
As,8s,8h,two_tone,paired,broadway,5,0,false,12
As,8h,2s,two_tone,unpaired,broadway,5,5,false,12
As,8h,2d,rainbow,unpaired,broadway,5,5,false,24
As,8h,3s,two_tone,unpaired,broadway,5,4,false,12
As,8h,3d,rainbow,unpaired,broadway,5,4,false,24
As,8h,4s,two_tone,unpaired,broadway,5,3,false,12
As,8h,4d,rainbow,unpaired,broadway,5,3,false,24
As,8h,5s,two_tone,unpaired,broadway,5,2,false,12
As,8h,5d,rainbow,unpaired,broadway,5,2,false,24
As,8h,6s,two_tone,unpaired,broadway,5,1,false,12
As,8h,6d,rainbow,unpaired,broadway,5,1,false,24
As,8h,7s,two_tone,unpaired,broadway,5,0,false,12
As,8h,7d,rainbow,unpaired,broadway,5,0,false,24
As,8h,8d,rainbow,paired,broadway,5,0,false,12
As,9s,2s,monotone,unpaired,broadway,4,6,false,4
As,9s,2h,two_tone,unpaired,broadway,4,6,false,12
As,9s,3s,monotone,unpaired,broadway,4,5,false,4
As,9s,3h,two_tone,unpaired,broadway,4,5,false,12
As,9s,4s,monotone,unpaired,broadway,4,4,false,4
As,9s,4h,two_tone,unpaired,broadway,4,4,false,12
As,9s,5s,monotone,unpaired,broadway,4,3,false,4
As,9s,5h,two_tone,unpaired,broadway,4,3,false,12
As,9s,6s,monotone,unpaired,broadway,4,2,false,4
As,9s,6h,two_tone,unpaired,broadway,4,2,false,12
As,9s,7s,monotone,unpaired,broadway,4,1,false,4
As,9s,7h,two_tone,unpaired,broadway,4,1,false,12
As,9s,8s,monotone,unpaired,broadway,4,0,false,4
As,9s,8h,two_tone,unpaired,broadway,4,0,false,12
As,9s,9h,two_tone,paired,broadway,4,0,false,12
As,9h,2s,two_tone,unpaired,broadway,4,6,false,12
As,9h,2d,rainbow,unpaired,broadway,4,6,false,24
As,9h,3s,two_tone,unpaired,broadway,4,5,false,12
As,9h,3d,rainbow,unpaired,broadway,4,5,false,24
As,9h,4s,two_tone,unpaired,broadway,4,4,false,12
As,9h,4d,rainbow,unpaired,broadway,4,4,false,24
As,9h,5s,two_tone,unpaired,broadway,4,3,false,12
As,9h,5d,rainbow,unpaired,broadway,4,3,false,24
As,9h,6s,two_tone,unpaired,broadway,4,2,false,12
As,9h,6d,rainbow,unpaired,broadway,4,2,false,24
As,9h,7s,two_tone,unpaired,broadway,4,1,false,12
As,9h,7d,rainbow,unpaired,broadway,4,1,false,24
As,9h,8s,two_tone,unpaired,broadway,4,0,false,12
As,9h,8d,rainbow,unpaired,broadway,4,0,false,24
As,9h,9d,rainbow,paired,broadway,4,0,false,12
As,Ts,2s,monotone,unpaired,broadway,3,7,false,4
As,Ts,2h,two_tone,unpaired,broadway,3,7,false,12
As,Ts,3s,monotone,unpaired,broadway,3,6,false,4
As,Ts,3h,two_tone,unpaired,broadway,3,6,false,12
As,Ts,4s,monotone,unpaired,broadway,3,5,false,4
As,Ts,4h,two_tone,unpaired,broadway,3,5,false,12
As,Ts,5s,monotone,unpaired,broadway,3,4,false,4
As,Ts,5h,two_tone,unpaired,broadway,3,4,false,12
As,Ts,6s,monotone,unpaired,broadway,3,3,false,4
As,Ts,6h,two_tone,unpaired,broadway,3,3,false,12
As,Ts,7s,monotone,unpaired,broadway,3,2,false,4
As,Ts,7h,two_tone,unpaired,broadway,3,2,false,12
As,Ts,8s,monotone,unpaired,broadway,3,1,false,4
As,Ts,8h,two_tone,unpaired,broadway,3,1,false,12
As,Ts,9s,monotone,unpaired,broadway,3,0,false,4
As,Ts,9h,two_tone,unpaired,broadway,3,0,false,12
As,Ts,Th,two_tone,paired,broadway,3,0,true,12
As,Th,2s,two_tone,unpaired,broadway,3,7,false,12
As,Th,2d,rainbow,unpaired,broadway,3,7,false,24
As,Th,3s,two_tone,unpaired,broadway,3,6,false,12
As,Th,3d,rainbow,unpaired,broadway,3,6,false,24
As,Th,4s,two_tone,unpaired,broadway,3,5,false,12
As,Th,4d,rainbow,unpaired,broadway,3,5,false,24
As,Th,5s,two_tone,unpaired,broadway,3,4,false,12
As,Th,5d,rainbow,unpaired,broadway,3,4,false,24
As,Th,6s,two_tone,unpaired,broadway,3,3,false,12
As,Th,6d,rainbow,unpaired,broadway,3,3,false,24
As,Th,7s,two_tone,unpaired,broadway,3,2,false,12
As,Th,7d,rainbow,unpaired,broadway,3,2,false,24
As,Th,8s,two_tone,unpaired,broadway,3,1,false,12
As,Th,8d,rainbow,unpaired,broadway,3,1,false,24
As,Th,9s,two_tone,unpaired,broadway,3,0,false,12
As,Th,9d,rainbow,unpaired,broadway,3,0,false,24
As,Th,Td,rainbow,paired,broadway,3,0,true,12
As,Js,2s,monotone,unpaired,broadway,2,8,false,4
As,Js,2h,two_tone,unpaired,broadway,2,8,false,12
As,Js,3s,monotone,unpaired,broadway,2,7,false,4
As,Js,3h,two_tone,unpaired,broadway,2,7,false,12
As,Js,4s,monotone,unpaired,broadway,2,6,false,4
As,Js,4h,two_tone,unpaired,broadway,2,6,false,12
As,Js,5s,monotone,unpaired,broadway,2,5,false,4
As,Js,5h,two_tone,unpaired,broadway,2,5,false,12
As,Js,6s,monotone,unpaired,broadway,2,4,false,4
As,Js,6h,two_tone,unpaired,broadway,2,4,false,12
As,Js,7s,monotone,unpaired,broadway,2,3,false,4
As,Js,7h,two_tone,unpaired,broadway,2,3,false,12
As,Js,8s,monotone,unpaired,broadway,2,2,false,4
As,Js,8h,two_tone,unpaired,broadway,2,2,false,12
As,Js,9s,monotone,unpaired,broadway,2,1,false,4
As,Js,9h,two_tone,unpaired,broadway,2,1,false,12
As,Js,Ts,monotone,unpaired,broadway,2,0,true,4
As,Js,Th,two_tone,unpaired,broadway,2,0,true,12
As,Js,Jh,two_tone,paired,broadway,2,0,true,12
As,Jh,2s,two_tone,unpaired,broadway,2,8,false,12
As,Jh,2d,rainbow,unpaired,broadway,2,8,false,24
As,Jh,3s,two_tone,unpaired,broadway,2,7,false,12
As,Jh,3d,rainbow,unpaired,broadway,2,7,false,24
As,Jh,4s,two_tone,unpaired,broadway,2,6,false,12
As,Jh,4d,rainbow,unpaired,broadway,2,6,false,24
As,Jh,5s,two_tone,unpaired,broadway,2,5,false,12
As,Jh,5d,rainbow,unpaired,broadway,2,5,false,24
As,Jh,6s,two_tone,unpaired,broadway,2,4,false,12
As,Jh,6d,rainbow,unpaired,broadway,2,4,false,24
As,Jh,7s,two_tone,unpaired,broadway,2,3,false,12
As,Jh,7d,rainbow,unpaired,broadway,2,3,false,24
As,Jh,8s,two_tone,unpaired,broadway,2,2,false,12
As,Jh,8d,rainbow,unpaired,broadway,2,2,false,24
As,Jh,9s,two_tone,unpaired,broadway,2,1,false,12
As,Jh,9d,rainbow,unpaired,broadway,2,1,false,24
As,Jh,Ts,two_tone,unpaired,broadway,2,0,true,12
As,Jh,Td,rainbow,unpaired,broadway,2,0,true,24
As,Jh,Jd,rainbow,paired,broadway,2,0,true,12
As,Qs,2s,monotone,unpaired,broadway,1,9,false,4
As,Qs,2h,two_tone,unpaired,broadway,1,9,false,12
As,Qs,3s,monotone,unpaired,broadway,1,8,false,4
As,Qs,3h,two_tone,unpaired,broadway,1,8,false,12
As,Qs,4s,monotone,unpaired,broadway,1,7,false,4
As,Qs,4h,two_tone,unpaired,broadway,1,7,false,12
As,Qs,5s,monotone,unpaired,broadway,1,6,false,4
As,Qs,5h,two_tone,unpaired,broadway,1,6,false,12
As,Qs,6s,monotone,unpaired,broadway,1,5,false,4
As,Qs,6h,two_tone,unpaired,broadway,1,5,false,12
As,Qs,7s,monotone,unpaired,broadway,1,4,false,4
As,Qs,7h,two_tone,unpaired,broadway,1,4,false,12
As,Qs,8s,monotone,unpaired,broadway,1,3,false,4
As,Qs,8h,two_tone,unpaired,broadway,1,3,false,12
As,Qs,9s,monotone,unpaired,broadway,1,2,false,4
As,Qs,9h,two_tone,unpaired,broadway,1,2,false,12
As,Qs,Ts,monotone,unpaired,broadway,1,1,true,4
As,Qs,Th,two_tone,unpaired,broadway,1,1,true,12
As,Qs,Js,monotone,unpaired,broadway,1,0,true,4
As,Qs,Jh,two_tone,unpaired,broadway,1,0,true,12
As,Qs,Qh,two_tone,paired,broadway,1,0,true,12
As,Qh,2s,two_tone,unpaired,broadway,1,9,false,12
As,Qh,2d,rainbow,unpaired,broadway,1,9,false,24
As,Qh,3s,two_tone,unpaired,broadway,1,8,false,12
As,Qh,3d,rainbow,unpaired,broadway,1,8,false,24
As,Qh,4s,two_tone,unpaired,broadway,1,7,false,12
As,Qh,4d,rainbow,unpaired,broadway,1,7,false,24
As,Qh,5s,two_tone,unpaired,broadway,1,6,false,12
As,Qh,5d,rainbow,unpaired,broadway,1,6,false,24
As,Qh,6s,two_tone,unpaired,broadway,1,5,false,12
As,Qh,6d,rainbow,unpaired,broadway,1,5,false,24
As,Qh,7s,two_tone,unpaired,broadway,1,4,false,12
As,Qh,7d,rainbow,unpaired,broadway,1,4,false,24
As,Qh,8s,two_tone,unpaired,broadway,1,3,false,12
As,Qh,8d,rainbow,unpaired,broadway,1,3,false,24
As,Qh,9s,two_tone,unpaired,broadway,1,2,false,12
As,Qh,9d,rainbow,unpaired,broadway,1,2,false,24
As,Qh,Ts,two_tone,unpaired,broadway,1,1,true,12
As,Qh,Td,rainbow,unpaired,broadway,1,1,true,24
As,Qh,Js,two_tone,unpaired,broadway,1,0,true,12
As,Qh,Jd,rainbow,unpaired,broadway,1,0,true,24
As,Qh,Qd,rainbow,paired,broadway,1,0,true,12
As,Ks,2s,monotone,unpaired,broadway,0,10,false,4
As,Ks,2h,two_tone,unpaired,broadway,0,10,false,12
As,Ks,3s,monotone,unpaired,broadway,0,9,false,4
As,Ks,3h,two_tone,unpaired,broadway,0,9,false,12
As,Ks,4s,monotone,unpaired,broadway,0,8,false,4
As,Ks,4h,two_tone,unpaired,broadway,0,8,false,12
As,Ks,5s,monotone,unpaired,broadway,0,7,false,4
As,Ks,5h,two_tone,unpaired,broadway,0,7,false,12
As,Ks,6s,monotone,unpaired,broadway,0,6,false,4
As,Ks,6h,two_tone,unpaired,broadway,0,6,false,12
As,Ks,7s,monotone,unpaired,broadway,0,5,false,4
As,Ks,7h,two_tone,unpaired,broadway,0,5,false,12
As,Ks,8s,monotone,unpaired,broadway,0,4,false,4
As,Ks,8h,two_tone,unpaired,broadway,0,4,false,12
As,Ks,9s,monotone,unpaired,broadway,0,3,false,4
As,Ks,9h,two_tone,unpaired,broadway,0,3,false,12
As,Ks,Ts,monotone,unpaired,broadway,0,2,true,4
As,Ks,Th,two_tone,unpaired,broadway,0,2,true,12
As,Ks,Js,monotone,unpaired,broadway,0,1,true,4
As,Ks,Jh,two_tone,unpaired,broadway,0,1,true,12
As,Ks,Qs,monotone,unpaired,broadway,0,0,true,4
As,Ks,Qh,two_tone,unpaired,broadway,0,0,true,12
As,Ks,Kh,two_tone,paired,broadway,0,0,true,12
As,Kh,2s,two_tone,unpaired,broadway,0,10,false,12
As,Kh,2d,rainbow,unpaired,broadway,0,10,false,24
As,Kh,3s,two_tone,unpaired,broadway,0,9,false,12
As,Kh,3d,rainbow,unpaired,broadway,0,9,false,24
As,Kh,4s,two_tone,unpaired,broadway,0,8,false,12
As,Kh,4d,rainbow,unpaired,broadway,0,8,false,24
As,Kh,5s,two_tone,unpaired,broadway,0,7,false,12
As,Kh,5d,rainbow,unpaired,broadway,0,7,false,24
As,Kh,6s,two_tone,unpaired,broadway,0,6,false,12
As,Kh,6d,rainbow,unpaired,broadway,0,6,false,24
As,Kh,7s,two_tone,unpaired,broadway,0,5,false,12
As,Kh,7d,rainbow,unpaired,broadway,0,5,false,24
As,Kh,8s,two_tone,unpaired,broadway,0,4,false,12
As,Kh,8d,rainbow,unpaired,broadway,0,4,false,24
As,Kh,9s,two_tone,unpaired,broadway,0,3,false,12
As,Kh,9d,rainbow,unpaired,broadway,0,3,false,24
As,Kh,Ts,two_tone,unpaired,broadway,0,2,true,12
As,Kh,Td,rainbow,unpaired,broadway,0,2,true,24
As,Kh,Js,two_tone,unpaired,broadway,0,1,true,12
As,Kh,Jd,rainbow,unpaired,broadway,0,1,true,24
As,Kh,Qs,two_tone,unpaired,broadway,0,0,true,12
As,Kh,Qd,rainbow,unpaired,broadway,0,0,true,24
As,Kh,Kd,rainbow,paired,broadway,0,0,true,12
As,Ah,2s,two_tone,paired,broadway,11,0,true,12
As,Ah,2d,rainbow,paired,broadway,11,0,true,12
As,Ah,3s,two_tone,paired,broadway,10,0,true,12
As,Ah,3d,rainbow,paired,broadway,10,0,true,12
As,Ah,4s,two_tone,paired,broadway,9,0,true,12
As,Ah,4d,rainbow,paired,broadway,9,0,true,12
As,Ah,5s,two_tone,paired,broadway,8,0,true,12
As,Ah,5d,rainbow,paired,broadway,8,0,true,12
As,Ah,6s,two_tone,paired,broadway,7,0,false,12
As,Ah,6d,rainbow,paired,broadway,7,0,false,12
As,Ah,7s,two_tone,paired,broadway,6,0,false,12
As,Ah,7d,rainbow,paired,broadway,6,0,false,12
As,Ah,8s,two_tone,paired,broadway,5,0,false,12
As,Ah,8d,rainbow,paired,broadway,5,0,false,12
As,Ah,9s,two_tone,paired,broadway,4,0,false,12
As,Ah,9d,rainbow,paired,broadway,4,0,false,12
As,Ah,Ts,two_tone,paired,broadway,3,0,true,12
As,Ah,Td,rainbow,paired,broadway,3,0,true,12
As,Ah,Js,two_tone,paired,broadway,2,0,true,12
As,Ah,Jd,rainbow,paired,broadway,2,0,true,12
As,Ah,Qs,two_tone,paired,broadway,1,0,true,12
As,Ah,Qd,rainbow,paired,broadway,1,0,true,12
As,Ah,Ks,two_tone,paired,broadway,0,0,true,12
As,Ah,Kd,rainbow,paired,broadway,0,0,true,12
As,Ah,Ad,rainbow,trips,broadway,0,0,true,4
Ah,3s,2s,two_tone,unpaired,broadway,10,0,true,12
Ah,4s,2s,two_tone,unpaired,broadway,9,1,true,12
Ah,4s,3s,two_tone,unpaired,broadway,9,0,true,12
Ah,5s,2s,two_tone,unpaired,broadway,8,2,true,12
Ah,5s,3s,two_tone,unpaired,broadway,8,1,true,12
Ah,5s,4s,two_tone,unpaired,broadway,8,0,true,12
Ah,6s,2s,two_tone,unpaired,broadway,7,3,false,12
Ah,6s,3s,two_tone,unpaired,broadway,7,2,false,12
Ah,6s,4s,two_tone,unpaired,broadway,7,1,false,12
Ah,6s,5s,two_tone,unpaired,broadway,7,0,false,12
Ah,7s,2s,two_tone,unpaired,broadway,6,4,false,12
Ah,7s,3s,two_tone,unpaired,broadway,6,3,false,12
Ah,7s,4s,two_tone,unpaired,broadway,6,2,false,12
Ah,7s,5s,two_tone,unpaired,broadway,6,1,false,12
Ah,7s,6s,two_tone,unpaired,broadway,6,0,false,12
Ah,8s,2s,two_tone,unpaired,broadway,5,5,false,12
Ah,8s,3s,two_tone,unpaired,broadway,5,4,false,12
Ah,8s,4s,two_tone,unpaired,broadway,5,3,false,12
Ah,8s,5s,two_tone,unpaired,broadway,5,2,false,12
Ah,8s,6s,two_tone,unpaired,broadway,5,1,false,12
Ah,8s,7s,two_tone,unpaired,broadway,5,0,false,12
Ah,9s,2s,two_tone,unpaired,broadway,4,6,false,12
Ah,9s,3s,two_tone,unpaired,broadway,4,5,false,12
Ah,9s,4s,two_tone,unpaired,broadway,4,4,false,12
Ah,9s,5s,two_tone,unpaired,broadway,4,3,false,12
Ah,9s,6s,two_tone,unpaired,broadway,4,2,false,12
Ah,9s,7s,two_tone,unpaired,broadway,4,1,false,12
Ah,9s,8s,two_tone,unpaired,broadway,4,0,false,12
Ah,Ts,2s,two_tone,unpaired,broadway,3,7,false,12
Ah,Ts,3s,two_tone,unpaired,broadway,3,6,false,12
Ah,Ts,4s,two_tone,unpaired,broadway,3,5,false,12
Ah,Ts,5s,two_tone,unpaired,broadway,3,4,false,12
Ah,Ts,6s,two_tone,unpaired,broadway,3,3,false,12
Ah,Ts,7s,two_tone,unpaired,broadway,3,2,false,12
Ah,Ts,8s,two_tone,unpaired,broadway,3,1,false,12
Ah,Ts,9s,two_tone,unpaired,broadway,3,0,false,12
Ah,Js,2s,two_tone,unpaired,broadway,2,8,false,12
Ah,Js,3s,two_tone,unpaired,broadway,2,7,false,12
Ah,Js,4s,two_tone,unpaired,broadway,2,6,false,12
Ah,Js,5s,two_tone,unpaired,broadway,2,5,false,12
Ah,Js,6s,two_tone,unpaired,broadway,2,4,false,12
Ah,Js,7s,two_tone,unpaired,broadway,2,3,false,12
Ah,Js,8s,two_tone,unpaired,broadway,2,2,false,12
Ah,Js,9s,two_tone,unpaired,broadway,2,1,false,12
Ah,Js,Ts,two_tone,unpaired,broadway,2,0,true,12
Ah,Qs,2s,two_tone,unpaired,broadway,1,9,false,12
Ah,Qs,3s,two_tone,unpaired,broadway,1,8,false,12
Ah,Qs,4s,two_tone,unpaired,broadway,1,7,false,12
Ah,Qs,5s,two_tone,unpaired,broadway,1,6,false,12
Ah,Qs,6s,two_tone,unpaired,broadway,1,5,false,12
Ah,Qs,7s,two_tone,unpaired,broadway,1,4,false,12
Ah,Qs,8s,two_tone,unpaired,broadway,1,3,false,12
Ah,Qs,9s,two_tone,unpaired,broadway,1,2,false,12
Ah,Qs,Ts,two_tone,unpaired,broadway,1,1,true,12
Ah,Qs,Js,two_tone,unpaired,broadway,1,0,true,12
Ah,Ks,2s,two_tone,unpaired,broadway,0,10,false,12
Ah,Ks,3s,two_tone,unpaired,broadway,0,9,false,12
Ah,Ks,4s,two_tone,unpaired,broadway,0,8,false,12
Ah,Ks,5s,two_tone,unpaired,broadway,0,7,false,12
Ah,Ks,6s,two_tone,unpaired,broadway,0,6,false,12
Ah,Ks,7s,two_tone,unpaired,broadway,0,5,false,12
Ah,Ks,8s,two_tone,unpaired,broadway,0,4,false,12
Ah,Ks,9s,two_tone,unpaired,broadway,0,3,false,12
Ah,Ks,Ts,two_tone,unpaired,broadway,0,2,true,12
Ah,Ks,Js,two_tone,unpaired,broadway,0,1,true,12
Ah,Ks,Qs,two_tone,unpaired,broadway,0,0,true,12
